Date,btc_coinbase,btc_kraken,btc_bitstamp,btc_itbit,btc_bitfinex,btc_hitbtc,btc_gemini,btc_bittrex,usdyuan,usdeur,gold,oil,sp500
5/18/2016,455.56,454.2201,454.2201,454.0001,453.51,457.19,454.27,462,6.5386,0.8864,1258.55,48.19,2047.63
5/19/2016,438.38,440.3771,443.18,443.4501,435,444.08,440.01,455,6.5495,0.8922,1254.7,48.16,2040.04
5/20/2016,445.65,433.5001,440.9101,441.8901,441.57,440.66,442.99,430,6.549,0.891,1252.15,47.75,2052.32
5/21/2016,446.28,438.5401,443.4101,443.0001,440.81,441.59,443.21,424.5,6.549,0.891,1252.15,47.75,2052.32
5/22/2016,442.48,438.34,439.62,438.61,437.48,436.36,437.57,423.3,6.549,0.891,1252.15,47.75,2052.32
5/23/2016,445.67,441.861,442.3,442.7901,443.66,443.97,443.99,423.3,6.5557,0.8926,1249.12,48.08,2048.04
5/24/2016,446.99,444.0001,443.58,445.1401,445.03,446.72,445.73,421,6.5571,0.8968,1227.26,48.62,2076.06
5/25/2016,451.49,448.3231,448.37,448.6301,449.06,446.88,449.98,458,6.558,0.8961,1224.47,49.56,2090.54
5/26/2016,454.97,452.0001,452.0701,452.8501,453.95,452.54,454.29,455,6.5585,0.8948,1219.8,49.48,2090.1
5/27/2016,471.27,468.007,470.0001,472.3901,472.03,470.85,476.99,471,6.5655,0.8997,1212.95,49.33,2099.06
5/28/2016,523.25,519.696,509.9001,513.5901,527.01,520,526.6,471,6.5655,0.8997,1212.95,49.33,2099.06
5/29/2016,525.22,534.9521,526.67,527.5201,531,510.7,516.63,520.1,6.5655,0.8997,1212.95,49.33,2099.06
5/30/2016,532.55,531.36,527.54,530.0601,532.89,529.28,530.61,536.6,6.5833,0.8981,1205.57,49.33,2099.06
5/31/2016,531.34,522.207,524.3801,522.0501,530.69,534.76,530.94,539,6.5854,0.8978,1215.33,49.1,2096.96
6/1/2016,534.84,533.3001,534.9001,535.4001,536.79,538.94,538.8,538.9,6.58,0.895,1212.98,49.01,2099.33
6/2/2016,537.87,535.6901,535.0601,537.4001,538.8,539.99,539.9,500.8,6.5845,0.8964,1210.95,49.17,2105.26
6/3/2016,571.25,574.9001,576.8201,575.5501,570.87,571.84,571.12,588.1,6.5492,0.8798,1244.2,48.62,2099.13
6/4/2016,576.31,575.6551,572.5901,575.4601,572.67,568.86,573.51,515,6.5492,0.8798,1244.2,48.62,2099.13
6/5/2016,575.17,575.7941,574.4301,574.48,574,572.8,574.05,603.9,6.5492,0.8798,1244.2,48.62,2099.13
6/6/2016,586.77,582.0001,581.1401,581.5201,585.22,586.74,585.95,599,6.5637,0.8791,1245.3,49.69,2109.41
6/7/2016,579.71,575.5411,577.3001,577.79,576.88,580.15,580,598,6.5715,0.8812,1243.9,50.36,2112.13
6/8/2016,583.21,581.7781,579.5501,579.9301,583.05,581.56,581.99,596,6.5624,0.8772,1262.78,51.23,2119.12
6/9/2016,577.46,575.0211,574.0201,576.85,575.52,572.68,579.05,596,6.5624,0.8834,1269.74,50.56,2115.48
6/10/2016,580.31,581.0001,577.7801,578.9601,580.08,578.54,579.99,550.1,6.5624,0.8888,1273.92,49.07,2096.07
6/11/2016,609.5,585.6,583.9501,585.29,614.52,599.99,614.22,597.9,6.5624,0.8888,1273.92,49.07,2096.07
6/12/2016,677.86,663.6841,665.0601,664.8801,671,671.91,670.61,645,6.5624,0.8888,1273.92,49.07,2096.07
6/13/2016,706.01,683.5821,689.1201,691.2601,705.88,706.62,704.01,690.1,6.5857,0.8862,1283.86,48.88,2079.06
6/14/2016,684.95,692.6401,688.8901,690.5001,684.51,681.37,684.9,671.1,6.597,0.8917,1285.76,48.49,2075.32
6/15/2016,698.78,694.3201,693.0501,693.3401,696.88,691.42,695.19,675.1,6.5818,0.8899,1291.75,48.01,2071.5
6/16/2016,769.76,764.4761,761.1001,763.2401,769.45,768.59,764.22,770.2,6.5915,0.892,1278.46,46.21,2077.99
6/17/2016,752.26,755.2311,750.9901,752.9401,748.66,743.55,755.47,755,6.587,0.8868,1299,47.98,2071.22
6/18/2016,758.99,753.1101,749.8801,750.8001,757.6,755.72,760.69,735,6.587,0.8868,1299,47.98,2071.22
6/19/2016,768.76,764.0101,759.4801,760.0001,767.3,757.02,763.99,745,6.587,0.8868,1299,47.98,2071.22
6/20/2016,703.12,740.6101,738.0001,741.0001,743.9,729.73,735,725,6.582,0.8838,1290.06,49.37,2083.25
6/21/2016,667.66,655.3431,650.6801,651.0801,668.88,669.97,666.58,640.8,6.591,0.8883,1268.11,48.85,2088.9
6/22/2016,604.5,615.0001,610.2601,613.5801,606.02,599.03,609.09,611,6.5784,0.8847,1266.32,49.13,2085.45
6/23/2016,591.94,620.1101,613.8101,612.8701,625.8,594.77,625.13,620.6,6.5807,0.8809,1256.84,50.11,2113.32
6/24/2016,669.98,660.0001,652.1301,657.8701,666.05,664.6,665,658.9,6.6218,0.9005,1315.45,47.64,2037.41
6/25/2016,673.71,659.0501,653.0201,656.0101,664.87,663.53,665.15,630,6.6218,0.9005,1315.45,47.64,2037.41
6/26/2016,638.56,637.2471,629.97,634.0801,627.42,629.04,631.32,623,6.6218,0.9005,1315.45,47.64,2037.41
6/27/2016,657.87,642.9551,642.1901,643.0701,662.2,660.99,650.1,625,6.6474,0.9056,1324.55,46.33,2000.54
6/28/2016,648.43,650.3531,647.0001,647.7701,646.3,642.04,648.68,660,6.6481,0.9048,1311.8,47.85,2036.09
6/29/2016,639.42,643.0501,634.9501,639.5401,639.68,632.59,641.99,637.6,6.6368,0.9011,1319.02,49.88,2070.77
6/30/2016,673.49,665.8421,660.6201,664.8101,674.74,670.67,674.69,635.5,6.648,0.903,1322.2,48.33,2098.86
7/1/2016,678.19,675.0001,675.5501,677.7101,674.75,672.1,678.59,650.7,6.6599,0.8979,1341.85,48.99,2102.95
7/2/2016,704.95,697.9901,695.2201,696.9901,705.04,699.3,699.99,696,6.6599,0.8979,1341.85,48.99,2102.95
7/3/2016,663.55,659.5801,657.6401,660.5801,659.29,654.21,658.68,660,6.6599,0.8979,1341.85,48.99,2102.95
7/4/2016,681.98,674.8981,674.7601,676.2801,681.34,678.39,679.89,666,6.6653,0.897,1351.06,48.99,2102.95
7/5/2016,669.87,670.9901,668.6501,670.2901,667.76,671.19,666.68,650,6.686,0.9016,1356.29,46.6,2088.55
7/6/2016,678.79,675.2701,675.2601,674.7301,677.04,677.28,674.99,650,6.6886,0.9018,1363.76,47.43,2099.73
7/7/2016,641.97,618.1301,619.1,620.9001,640.51,640.87,637.99,630,6.682,0.9038,1360.41,45.14,2097.9
7/8/2016,667.33,660.6301,658.6101,660.6801,664.8,666.44,661.99,659.9,6.6908,0.905,1366.38,45.41,2129.9
7/9/2016,657.61,638.0801,640.0101,641.4801,648.11,651.07,653.19,630,6.6908,0.905,1366.38,45.41,2129.9
7/10/2016,652.44,651.9001,647.7601,649.1101,649.72,652.74,649.99,665.7,6.6908,0.905,1366.38,45.41,2129.9
7/11/2016,650.97,648.8811,648.0001,651.2801,647.95,645.88,650.82,665.7,6.696,0.9047,1355.35,44.76,2137.16
7/12/2016,666.56,669.5101,666.6401,667.9401,667.19,667.9,668.96,666,6.6885,0.9017,1333.07,46.8,2152.14
7/13/2016,655.34,661.5001,662.3101,663.0001,653.7,657.83,653.2,670,6.6887,0.9003,1342.7,44.75,2152.43
7/14/2016,661.65,661.0201,660.5701,660.4301,659.78,662.75,658.98,670,6.6835,0.8998,1335.16,45.68,2163.75
7/15/2016,667.48,667.8461,667.7401,666.9901,665.5,667.53,665.29,633,6.6935,0.9062,1337.5,45.95,2161.74
7/16/2016,666.32,663.9901,661.7701,663.0401,665.33,658.84,663.93,666,6.6935,0.9062,1337.5,45.95,2161.74
7/17/2016,680,682.0001,680.6801,672.3301,683.2,681.04,680.41,688,6.6935,0.9062,1337.5,45.95,2161.74
7/18/2016,675.5,674.4601,672.5201,673.1901,674.3,675.71,673.48,684,6.7045,0.9033,1328.85,45.24,2166.89
7/19/2016,673.98,669.0201,671.4301,671.5501,675,676.26,672.99,667.4,6.6963,0.908,1332.03,44.65,2163.78
7/20/2016,666.92,664.5101,666.3701,665.4201,665.85,670.56,664.54,683,6.6778,0.9085,1316,44.94,2173.02
7/21/2016,667.28,665.0001,664.1801,665.8001,665.01,665.98,665.99,654,6.6755,0.9084,1331.21,44.75,2165.17
7/22/2016,654.67,658.0401,656.0001,658.1101,648.04,657.49,650.31,647.3,6.6795,0.911,1322.45,44.19,2175.03
7/23/2016,657.5,655.2001,653.8701,655.0101,654.03,655.49,656.26,646.3,6.6795,0.911,1322.45,44.19,2175.03
7/24/2016,661,663.3211,661.1701,661.2301,661.82,663.69,663.97,679,6.6795,0.911,1322.45,44.19,2175.03
7/25/2016,657.79,654.9901,655.0101,656.3001,654.17,655.09,656.26,637,6.6799,0.9101,1315.65,43.13,2168.48
7/26/2016,654.06,657.9991,655.8001,655.9201,648.47,646.2,651.76,660,6.672,0.9101,1320.29,42.92,2169.18
7/27/2016,657.35,660.0001,656.6501,657.3701,654.51,656.91,657.62,640,6.67,0.9097,1339.95,41.92,2166.58
7/28/2016,657.4,656.0001,653.3401,655.6901,658.34,657.35,657.37,641.2,6.6576,0.903,1335.77,41.14,2170.06
7/29/2016,657,657.5701,656.9001,657.8801,658.34,654.01,657.99,643,6.635,0.8949,1351,41.6,2173.6
7/30/2016,655.87,653.7901,653.1801,654.3601,654.99,656.99,655.01,643,6.635,0.8949,1351,41.6,2173.6
7/31/2016,626.97,631.0001,631.8501,635.0201,623.67,626.21,623.51,623.3,6.635,0.8949,1351,41.6,2173.6
8/1/2016,605.2,615.4901,616.2501,617.7801,607.99,607.52,606.57,610,6.6439,0.8952,1353.15,40.06,2170.84
8/2/2016,537.47,565.16,565.9901,565.79,604,535.83,532.28,505,6.6272,0.8912,1363.63,39.51,2157.03
8/3/2016,573.36,565.8401,567.72,568.4601,604.1,561.7,574,563.1,6.6342,0.8948,1358.2,40.83,2163.79
8/4/2016,587.5,573.5711,569.72,573.6201,604.1,574.78,585,595.8,6.6418,0.8978,1361.15,41.93,2164.25
8/5/2016,583,578.0101,574.9301,574.8801,604.1,572.31,575.4,569,6.6603,0.902,1335.55,41.8,2182.87
8/6/2016,591.71,585.1951,582.8901,584.5701,604.1,591.32,588.99,585,6.6603,0.902,1335.55,41.8,2182.87
8/7/2016,595.14,593.7441,587.6501,591.1401,604.1,590.54,594.4,617.6,6.6603,0.902,1335.55,41.8,2182.87
8/8/2016,591.48,594.8261,592.1701,592.7801,604.1,593.08,595.08,617.6,6.6614,0.9027,1335.33,43.02,2180.89
8/9/2016,586.45,585.5001,584.8001,586.2501,604.1,586.83,586.65,600,6.6557,0.9007,1340.73,42.77,2181.74
8/10/2016,594.94,593.7971,593.29,595.8001,590.28,590.78,595.26,594,6.636,0.8954,1346.55,41.71,2175.49
8/11/2016,587.91,590.0001,589.6,590.1201,591.27,585.01,588,594.5,6.6337,0.8962,1338.7,43.49,2185.79
8/12/2016,587.74,587.5001,584.6201,586.72,585.5,583.83,588.83,594.5,6.6362,0.8959,1335.85,44.49,2184.05
8/13/2016,586.45,585.3701,583.3701,585.3201,583.73,585.93,586.98,594,6.6362,0.8959,1335.85,44.49,2184.05
8/14/2016,574.99,569.0801,566.6,570.8401,569.44,570.28,571.7,564,6.6362,0.8959,1335.85,44.49,2184.05
8/15/2016,567.79,568.79,566.6701,568.91,564.64,568.59,568.18,559,6.638,0.8943,1339.45,45.74,2190.15
8/16/2016,579.02,582.4001,577.9201,579.22,574.24,572.64,577.71,585.1,6.6253,0.8875,1346.01,46.58,2178.15
8/17/2016,574.45,572.0701,571.4901,573.8101,571.83,572.44,574.83,585.1,6.6343,0.8872,1348.76,46.79,2182.22
8/18/2016,574.09,573.8201,571.4001,574.0901,572.21,568.04,574.08,610,6.6312,0.8827,1352.23,48.22,2187.02
8/19/2016,573.67,573.0101,572.8601,575.2601,573.5,573.77,573.7,570.5,6.6532,0.883,1341.26,48.52,2183.87
8/20/2016,581.87,582.9001,577.5101,579.9901,582.01,581.87,580.21,571,6.6532,0.883,1341.26,48.52,2183.87
8/21/2016,581.29,583.0001,577.7701,581.2101,581.42,581.22,579.85,570.5,6.6532,0.883,1341.26,48.52,2183.87
8/22/2016,585.2,587.0001,585.0001,586.4801,588.01,585.11,586.95,609,6.6507,0.8834,1339.09,47.05,2182.64
8/23/2016,582.39,582.8101,580.7601,581.66,583.54,584.28,581.99,572,6.6409,0.8836,1337.56,48.1,2186.9
8/24/2016,578.47,580.0501,578.6401,579.3101,580.32,580.49,579.24,570.5,6.659,0.8874,1324.15,46.77,2175.44
8/25/2016,575.58,575.3691,575.5001,575.5001,577.2,573.89,575.97,570.5,6.6595,0.8867,1321.94,47.33,2172.47
8/26/2016,579.29,578.2661,577.3201,578.1101,578.01,579.89,578.17,586,6.6695,0.8931,1321.22,47.64,2169.04
8/27/2016,570.84,570.324,567.6401,569.35,568.55,569.38,569.82,567.9,6.6695,0.8931,1321.22,47.64,2169.04
8/28/2016,575.41,574.7601,570.2401,571.5001,574.17,575.28,572.99,568,6.6695,0.8931,1321.22,47.64,2169.04
8/29/2016,573.21,575.5001,573.6401,573.5201,574.78,573.75,573.35,568,6.683,0.8948,1323.5,46.98,2180.38
8/30/2016,574.95,577.8091,575.3801,576.3001,579.49,575.01,577.25,608.9,6.6807,0.8967,1311.11,46.35,2176.12
8/31/2016,572.89,574.5101,572.2401,573.5101,576.15,572.41,577.35,608.9,6.6793,0.8962,1308.97,44.7,2170.95
9/1/2016,573.02,572.04,569.5001,572.29,572.73,573.59,571.74,588.4,6.675,0.893,1313.92,43.16,2170.86
9/2/2016,576.21,575.8401,571.9901,573.4201,579.85,569.79,575.99,588.4,6.6805,0.8964,1325.07,44.44,2179.98
9/3/2016,600.91,600.0001,591.41,588.5501,609.89,592.77,600,605,6.6805,0.8964,1325.07,44.44,2179.98
9/4/2016,611.92,609.9001,601.8201,604.7101,614.52,608.52,607.67,618,6.6805,0.8964,1325.07,44.44,2179.98
9/5/2016,605.69,607.3991,602.1301,606.2301,611.5,604.99,606.3,600,6.6771,0.8967,1327.45,44.44,2179.98
9/6/2016,612.99,611.4041,607.6501,611.1201,615.23,606.51,613.48,612,6.67,0.8896,1350.01,44.83,2186.48
9/7/2016,615.21,613.5001,614.6801,615.2101,619.75,612,616.06,612,6.6625,0.8902,1345.22,45.5,2186.16
9/8/2016,627.97,628.3601,624.2001,623.6701,631.73,624.06,625.69,631,6.668,0.8893,1338.2,47.62,2181.3
9/9/2016,622.07,622.7301,621.6101,621.41,626.25,619.52,621.9,631.2,6.685,0.8903,1327.93,45.88,2127.81
9/10/2016,623.74,627.72,623.2501,624.2501,628,624.45,622.99,635,6.685,0.8903,1327.93,45.88,2127.81
9/11/2016,607.94,605.595,599.3701,601.8401,612.08,604.01,605.76,606.1,6.685,0.8903,1327.93,45.88,2127.81
9/12/2016,606.74,609.0171,606.41,606.4301,611.62,609.83,607.98,600.4,6.6802,0.89,1327.82,46.29,2159.04
9/13/2016,608.63,614.1201,608.0401,608.8601,614.23,610.88,607.59,622,6.6795,0.8901,1319.01,44.9,2127.02
9/14/2016,608.43,613.8011,609.6901,609.9901,613.88,610.52,609.39,635,6.6747,0.8886,1322.94,43.58,2125.77
9/15/2016,605.44,614.0001,605.0701,607.0801,611.81,607.52,606.09,625,6.6747,0.8895,1314.74,43.91,2147.26
9/16/2016,607.93,608.0101,606.1,607.2001,610.01,608.57,607.94,625,6.6747,0.8963,1310.25,43.03,2139.16
9/17/2016,607.92,609.0001,604.4001,606.0001,607.69,604.87,606.38,622,6.6747,0.8963,1310.25,43.03,2139.16
9/18/2016,611.4,612.7691,608.2501,608.5501,613.03,607.38,608.99,622,6.6747,0.8963,1310.25,43.03,2139.16
9/19/2016,608.6,610.0501,607.5501,609.0501,609.79,606.85,608.99,606,6.6685,0.8948,1313.13,43.3,2139.12
9/20/2016,605.6,609.0001,606.97,608.1,600.05,605.41,598.51,633,6.672,0.8957,1314.86,43.44,2139.76
9/21/2016,597,596.5001,594.4801,595.6,597.43,596.01,595.61,599,6.6688,0.8961,1333.63,45.34,2163.12
9/22/2016,596.21,596.5641,595.7001,596.1201,597.08,597.51,594.85,599,6.6648,0.8909,1337.07,46.32,2177.18
9/23/2016,602.96,602.0001,601.6501,601.5101,603.29,599.81,601.33,599,6.6694,0.8908,1337.65,44.48,2164.69
9/24/2016,603.68,604.3811,599.9201,601.2001,602.55,602.81,601.32,601,6.6694,0.8908,1337.65,44.48,2164.69
9/25/2016,601.67,598.5921,597.1,600.0301,600.36,599.56,599.99,600,6.6694,0.8908,1337.65,44.48,2164.69
9/26/2016,607.08,607.988,604.5501,606.2101,609.14,608.19,607.1,620,6.6689,0.8887,1337.95,45.93,2146.1
9/27/2016,605.71,603.8811,602.7501,602.1301,605.53,606.11,604.9,620,6.6701,0.8913,1327.31,44.67,2159.93
9/28/2016,605.04,604.2601,603.9901,604.5301,603.76,607.58,604.24,628,6.6751,0.8921,1321.52,47.05,2171.37
9/29/2016,605.99,605.66,605.5201,606.5101,604.6,606.06,604.87,627,6.6672,0.8911,1320.36,47.83,2151.13
9/30/2016,608.99,607.4991,604.7501,606.2001,611.1,610.98,608.98,610,6.6718,0.8901,1315.75,48.24,2168.27
10/1/2016,615.65,615.2971,613.9801,614.4801,614.09,610.98,614.04,623.7,6.6718,0.8901,1315.75,48.24,2168.27
10/2/2016,612.4,611.7661,607.8901,610.5001,609.09,605.99,610.4,613.7,6.6718,0.8901,1315.75,48.24,2168.27
10/3/2016,612.99,612.9951,610.0001,612.6901,612.57,607.54,612.96,593,6.6718,0.8914,1312.81,48.81,2161.2
10/4/2016,610.34,609.0021,607.1701,609.0001,610.98,607.52,609.93,617,6.6718,0.8935,1268.53,48.69,2150.49
10/5/2016,613.16,615.0001,610.4501,612.8701,614.09,610.99,612.34,617,6.6718,0.8924,1266.8,49.83,2159.73
10/6/2016,611.88,613.6401,609.9301,612.6801,613.51,606.09,611.8,595.2,6.6718,0.896,1254.41,50.44,2160.77
10/7/2016,617.98,618.3101,613.9801,617.4001,620.13,614.77,617.65,596.2,6.6718,0.8929,1256.93,49.81,2153.74
10/8/2016,619.5,620.1,613.85,618.0501,620.5,611.11,617.99,597.2,6.6718,0.8929,1256.93,49.81,2153.74
10/9/2016,617.42,617.4591,612.91,615.8701,616.56,611.14,615.99,613.5,6.6718,0.8929,1256.93,49.81,2153.74
10/10/2016,618.72,618.3001,614.7301,617.3701,618.87,616.47,617.69,622.3,6.7074,0.8973,1259.63,51.35,2163.66
10/11/2016,642.12,638.4461,636.8701,637.3301,641.74,635.42,639.99,639.4,6.722,0.9035,1252.73,50.79,2136.73
10/12/2016,635.79,637.0001,635.1901,636.1501,637.63,631.07,635.54,647,6.7195,0.9066,1255.3,50.18,2139.18
10/13/2016,635.66,634.7391,635.4501,635.8601,637.01,631.56,635.44,620,6.7274,0.9057,1258.13,50.44,2132.55
10/14/2016,638.03,640.2181,637.6901,639.2801,643,635.37,636.93,646,6.7283,0.9113,1251.43,50.35,2132.98
10/15/2016,638.16,640.1301,636.0401,641.1301,640.2,635.37,635.17,646,6.7283,0.9113,1251.43,50.35,2132.98
10/16/2016,641.92,641.4201,638.9501,641.2501,644.17,635.37,639.58,646,6.7283,0.9113,1251.43,50.35,2132.98
10/17/2016,639.56,639.5001,636.7301,636.7501,639.79,637.11,637.98,640,6.7375,0.9091,1255.81,49.94,2126.5
10/18/2016,635.11,636.3851,633.0001,634.7301,638.8,634.99,634.99,636,6.7409,0.9099,1262.45,50.29,2139.6
10/19/2016,629.79,631.4991,627.1801,628.8001,631.77,628.1,628.97,642,6.7378,0.9117,1269.23,51.6,2144.29
10/20/2016,628.05,630.3101,628.3201,630.2601,632.46,625.44,629,635,6.7449,0.9137,1265.77,50.43,2141.34
10/21/2016,630.83,633.7951,630.1801,630.9501,636.73,629.12,630.8,633,6.767,0.9187,1266.28,50.85,2141.16
10/22/2016,652.75,660.0021,651.0901,649.9901,664.99,650.39,655.75,665.4,6.767,0.9187,1266.28,50.85,2141.16
10/23/2016,651.04,657.1121,648.3401,646.4401,659.03,648.24,650.51,662.8,6.767,0.9187,1266.28,50.85,2141.16
10/24/2016,649.98,652.8381,649.2401,649.1201,654.65,649.19,648.75,661.8,6.7752,0.9193,1264.52,50.52,2151.33
10/25/2016,654.3,658.9991,653.4901,653.47,659.52,649.01,650.32,663,6.7804,0.9182,1273.73,49.96,2143.16
10/26/2016,674,672.0001,670.5501,669.4801,678.7,672.06,671,654.8,6.7711,0.9166,1267,49.18,2139.43
10/27/2016,691.21,680.3441,679.5301,679.0801,688.67,685.77,680,685,6.7835,0.9181,1268.4,49.72,2133.04
10/28/2016,689.95,689.9991,685.0101,688.6901,693.47,685.97,688.99,680,6.7789,0.9102,1275.5,48.7,2126.41
10/29/2016,714.28,720.3271,711.0001,717.6401,714.51,713.15,714.95,722.9,6.7789,0.9102,1275.5,48.7,2126.41
10/30/2016,697.41,699.3291,699.9501,695.0001,702.55,697.87,698.24,695,6.7789,0.9102,1275.5,48.7,2126.41
10/31/2016,696.9,705.8501,701.8201,703.9201,704.09,697.78,697.95,700,6.7758,0.912,1277.3,46.86,2126.15
11/1/2016,730.7,732.9981,725.8701,729.4401,732.915,726.55,729.91,739,6.7657,0.9045,1288.02,46.67,2111.72
11/2/2016,744.6,732.0001,729.8001,729.5801,737.485,734.33,735.99,727,6.757,0.9011,1296.93,45.34,2097.94
11/3/2016,690,695.7481,689.9901,695.9401,680.185,685.26,686.91,679,6.765,0.8999,1302.7,44.66,2088.66
11/4/2016,706.32,698.0001,697.0301,698.3601,709.005,698.41,706.93,679,6.7564,0.8976,1304.6,44.07,2085.18
11/5/2016,706.99,708.6081,702.3801,705.8001,708.105,707.73,706.33,715.2,6.7564,0.8976,1304.6,44.07,2085.18
11/6/2016,717.02,712.0961,706.9801,709.8901,715.46,710.17,711.15,710,6.7564,0.8976,1304.6,44.07,2085.18
11/7/2016,706.42,708.8151,706.9901,707.6001,715.46,708.77,708.31,705,6.7766,0.9056,1281.65,44.89,2131.52
11/8/2016,711.15,713.9991,709.6401,710.0001,705.32,709.55,711.99,702.8,6.7869,0.9072,1275.65,44.98,2139.56
11/9/2016,720.97,721.0001,716.7001,722.0101,712.415,721.66,721.47,705,6.7915,0.9142,1278,45.27,2163.26
11/10/2016,712.91,709.0411,710.5001,710.1901,723.39,714.64,710.99,707,6.8059,0.9182,1258.93,44.66,2167.48
11/11/2016,716.9,715.4991,715.6001,715.8801,714.865,712.38,715.23,713,6.812,0.9211,1227.85,43.41,2164.45
11/12/2016,704.53,704.6701,704.0401,706.3101,716.89,701.28,700.31,731.2,6.812,0.9211,1227.85,43.41,2164.45
11/13/2016,704.01,703.1301,702.5801,704.0001,703.565,698.01,701.99,681,6.812,0.9211,1227.85,43.41,2164.45
11/14/2016,708.32,707.9991,705.0001,708.7101,707.43,700.18,707.43,710,6.86,0.9303,1221.32,43.32,2164.2
11/15/2016,712.29,711.4001,709.8501,716.0401,712.17,711.78,712.62,715.7,6.859,0.9319,1228.77,45.81,2180.39
11/16/2016,739.85,742.0121,739.8001,738.3001,744.99,735.25,739.99,721,6.8804,0.9349,1225.22,45.57,2176.94
11/17/2016,730.71,739.9991,739.1901,741.7201,740.67,737.25,736.53,750,6.8781,0.94,1216.5,45.42,2187.12
11/18/2016,748.54,747.1101,743.0201,744.0201,753.97,749.14,749.99,750,6.8864,0.9444,1207.93,45.69,2181.9
11/19/2016,750.77,750.7901,749.3001,749.9201,752.9,750.88,750.93,755,6.8864,0.9444,1207.93,45.69,2181.9
11/20/2016,731.99,727.3501,724.0101,726.1301,729.67,749.89,727.36,720,6.8864,0.9444,1207.93,45.69,2181.9
11/21/2016,736.4,736.9151,735.6701,738.3701,738.99,733.77,737.89,717.1,6.8928,0.9429,1214.31,47.49,2198.18
11/22/2016,746.66,748.9991,748.0201,748.7801,750.05,744.77,748.35,752.7,6.89,0.9413,1212.4,48.03,2202.94
11/23/2016,741.52,742.0081,739.9601,741.5501,741.99,740.33,742.41,746.9,6.919,0.9472,1188.21,47.96,2204.72
11/24/2016,737.99,737.1201,734.8701,736.8501,737.68,731.75,737.99,732.1,6.9219,0.9474,1184.45,47.96,2204.72
11/25/2016,739.74,738.8101,735.6001,737.2101,740.36,734.37,741.89,730,6.9191,0.944,1183.9,46.06,2213.35
11/26/2016,735.7,736.7901,728.9001,733.7401,731.19,727.01,735.38,736,6.9191,0.944,1183.9,46.06,2213.35
11/27/2016,729.24,731.9501,729.5801,734.4301,724.99,725.01,728.35,727,6.9191,0.944,1183.9,46.06,2213.35
11/28/2016,729.77,730.6501,729.9901,733.4301,731.52,725.94,732.99,727,6.9153,0.9447,1193.99,47.08,2201.72
11/29/2016,732.37,730.7201,733.0101,733.7701,731.05,731.51,732.92,737,6.9047,0.9409,1188.25,45.23,2204.66
11/30/2016,742.69,742.7991,743.2701,744.6701,739,742.21,742.21,744.2,6.8894,0.9435,1173.25,49.44,2198.81
12/1/2016,754,752.4201,751.3001,753.0001,755.36,746.6,753.99,759,6.8856,0.9411,1171.76,51.06,2191.08
12/2/2016,769.25,774.0001,770.0001,768.5701,774.91,765.93,774.98,775,6.88,0.9375,1177.25,51.68,2191.95
12/3/2016,766.98,764.9791,760.8901,764.2601,765.27,763.1,766.47,768,6.88,0.9375,1177.25,51.68,2191.95
12/4/2016,767.99,766.0091,759.9501,764.6301,768.5,762.15,765.69,775,6.88,0.9375,1177.25,51.68,2191.95
12/5/2016,752,753.6871,750.7901,751.6101,750.62,745.79,753.47,775,6.8815,0.9291,1170.37,51.79,2204.71
12/6/2016,759.8,758.7541,756.9501,758.9901,757.36,755.92,758.29,739.5,6.882,0.9335,1169.75,50.93,2212.23
12/7/2016,764.34,769.1561,765.8401,768.5001,765.01,759.37,764.37,762,6.8767,0.9309,1173.7,49.77,2241.35
12/8/2016,767.89,769.0011,767.9701,769.9601,765.01,763.33,767.73,775,6.891,0.9427,1170.86,50.84,2246.19
12/9/2016,773.22,772.0201,770.1801,769.5601,770.5,769.66,770.11,776,6.908,0.9469,1160.01,51.5,2259.53
12/10/2016,775.87,776.4881,773.9101,772.9401,772.9,770.96,771.79,770,6.908,0.9469,1160.01,51.5,2259.53
12/11/2016,771.05,769.0461,768.2301,766.9001,770.21,768.34,770.74,758,6.908,0.9469,1160.01,51.5,2259.53
12/12/2016,778.94,778.8021,777.8001,776.4901,777.99,778.08,779.64,779.1,6.9069,0.9399,1162.25,52.83,2256.96
12/13/2016,776.18,782.7501,778.8301,778.6401,775,777.23,779.34,780,6.9029,0.9412,1158.45,52.98,2271.72
12/14/2016,777.66,779.2991,776.9201,776.3801,774.49,777.06,776.88,780,6.9049,0.9385,1142.9,51.04,2253.28
12/15/2016,776.16,778.9991,776.6901,777.4401,777.43,775.75,774.9,780,6.9467,0.9602,1128.58,50.9,2262.03
12/16/2016,780.98,783.5001,779.9901,779.1501,784.17,781.31,782.48,780,6.9615,0.9568,1134.84,51.9,2258.07
12/17/2016,788.57,793.1101,788.7501,789.3601,790.99,787.62,789.39,795,6.9615,0.9568,1134.84,51.9,2258.07
12/18/2016,790.72,789.4671,788.5901,785.9401,790.21,788.36,790.22,799,6.9615,0.9568,1134.84,51.9,2258.07
12/19/2016,790.81,791.5911,789.9501,788.3401,790.59,790.64,790.19,779,6.9605,0.9574,1137.9,52.12,2262.53
12/20/2016,798.99,797.9161,791.8401,791.1901,797.99,801.01,800.96,799,6.9527,0.9617,1132.28,52.23,2270.76
12/21/2016,834.5,826.0001,825.8401,821.8001,829.99,834.32,829.73,867.9,6.944,0.9591,1131.59,52.49,2265.18
12/22/2016,856.02,863.0001,861.7901,859.9201,859.2,860.27,858.49,866,6.9484,0.9578,1128.42,52.95,2260.96
12/23/2016,917.26,908.5181,902.2101,895.9901,918.99,915.48,915.11,908.1,6.9462,0.9564,1133.95,53.02,2263.79
12/24/2016,891.5,893.3001,893.0701,902.4201,895.24,895.12,897.14,920,6.9462,0.9564,1133.95,53.02,2263.79
12/25/2016,896.12,893.3631,889.5701,892.1301,897.99,888.95,896.98,880,6.9462,0.9564,1133.95,53.02,2263.79
12/26/2016,902.09,904.9271,898.2501,906.8201,906.4,895,905.78,914,6.9489,0.9567,1134.83,53.02,2263.79
12/27/2016,925.2,932.2181,931.5101,937.3901,936.32,928.01,932.49,937.9,6.952,0.9564,1138.85,53.9,2268.88
12/28/2016,982.17,967.0511,964.9801,970.0001,981.7,960.02,982,971.8,6.9613,0.9629,1141.74,54.06,2249.92
12/29/2016,970.72,968.5901,963.9001,963.7701,972.63,945,973.59,963,6.9565,0.9549,1158.15,53.77,2249.26
12/30/2016,960.81,950.0001,951.0001,961.4001,959.26,937.31,964.05,958.1,6.945,0.9506,1152.27,53.72,2238.83
12/31/2016,973.37,965.3401,962.9301,962.9101,966.58,949.59,974.55,960,6.945,0.9506,1152.27,53.72,2238.83
1/1/2017,992.95,1004.0011,1002.9901,999.9701,998.99,995,998.57,999,6.945,0.9506,1152.27,53.72,2238.83
1/2/2017,1011.45,1017.0001,1012.5001,1018.7501,1019.3,1008.25,1020.23,1010,6.945,0.9555,1152.15,53.72,2238.83
1/3/2017,1020.67,1024.3481,1021.4601,1019.0001,1037.5,1021.72,1035.03,1030,6.964,0.959,1158.79,52.33,2257.83
1/4/2017,1130.3,1095.1912,1090.0001,1092.1301,1139.6,1118.11,1143.16,1135,6.9342,0.955,1163.61,53.26,2270.75
1/5/2017,1007,964.8401,973.7701,969.2601,1003.2,999.99,1004.84,980.1,6.8766,0.9436,1180.3,53.76,2269
1/6/2017,895.71,899.2871,896.7701,887.2901,898,935,893.49,910,6.926,0.9493,1172.85,53.99,2276.98
1/7/2017,909,884.9201,889.7701,890.8801,908.84,899.09,907.4,897.9,6.926,0.9493,1172.85,53.99,2276.98
1/8/2017,923.33,917.7661,906.8901,910.9101,915.9,901.89,913.98,900,6.926,0.9493,1172.85,53.99,2276.98
1/9/2017,902.66,897.8701,893.2001,894.9001,903,889.62,903.02,895,6.9375,0.946,1181.06,51.96,2268.9
1/10/2017,907,910.0001,906.6801,906.3301,905.76,899.78,906.09,911,6.9215,0.9468,1187.75,50.82,2268.9
1/11/2017,795.77,791.7271,788.7001,785.5101,778.58,812.35,779.7,778.3,6.9377,0.9469,1191.63,52.25,2275.32
1/12/2017,812.25,824.7101,829.0701,819.2101,804.58,816.11,805.84,823,6.8941,0.9392,1195.4,53.01,2270.44
1/13/2017,831.42,836.4101,828.0001,821.6101,828.12,821.35,827.87,820,6.9005,0.9395,1197.58,52.37,2274.64
1/14/2017,828,820.2031,819.0701,830.0401,815.3,830.46,825.69,821,6.9005,0.9395,1197.58,52.37,2274.64
1/15/2017,833.31,823.7771,815.0401,817.9301,820.74,812.23,827.73,817.1,6.9005,0.9395,1197.58,52.37,2274.64
1/16/2017,834.41,833.1611,830.0001,831.3301,830.1,855.75,835.02,830,6.9008,0.943,1202.85,52.37,2274.64
1/17/2017,906,902.1491,898.7501,898.0001,903.99,928.92,906.19,900,6.845,0.9347,1217,52.48,2267.89
1/18/2017,887.99,879.9901,873.8201,876.0001,887.76,870.5,884.99,871,6.8496,0.9362,1204.15,51.08,2271.89
1/19/2017,902.92,908.1091,907.9601,903.2401,900.29,897.3,905.03,886.2,6.872,0.9406,1204.82,51.37,2263.69
1/20/2017,894.31,902.7201,899.4701,899.4001,895.96,905.14,898,896.5,6.8765,0.9345,1210.57,52.42,2271.31
1/21/2017,925.06,926.0001,924.9501,921.7001,924.02,920.6,924.28,925,6.8765,0.9345,1210.57,52.42,2271.31
1/22/2017,931.22,919.8411,919.9501,920.0001,923.72,913.23,924.98,910.1,6.8765,0.9345,1210.57,52.42,2271.31
1/23/2017,910.7,920.8451,920.9301,920.4301,910.03,920.55,919.2,911.4,6.8537,0.9324,1218.1,52.75,2265.2
1/24/2017,887,899.2411,897.4801,900.9901,886.1,891.32,883.2,890,6.859,0.9297,1208.81,53.18,2280.07
1/25/2017,896,895.7391,893.2201,893.7501,893.35,894.08,894.97,894,6.8836,0.9313,1200.79,52.75,2298.37
1/26/2017,917.02,915.2501,913.2501,914.6801,915.12,909.12,917.6,917,6.884,0.9358,1188.55,53.78,2296.68
1/27/2017,922.63,922.0101,920.0401,919.7901,916.7,916.55,921.01,923.9,6.884,0.9347,1191.3,53.17,2294.69
1/28/2017,924.98,919.4041,916.6001,922.1701,919.43,912.83,921.29,923.9,6.884,0.9347,1191.3,53.17,2294.69
1/29/2017,916.54,917.4901,913.8501,916.3001,912.56,913.53,915.62,915,6.884,0.9347,1191.3,53.17,2294.69
1/30/2017,923.23,924.9891,920.7001,920.2201,917.36,919,922,920.4,6.884,0.9352,1195.56,52.63,2280.9
1/31/2017,970.01,963.9861,957.8601,954.9401,966.19,958.69,971.25,962.9,6.884,0.9275,1210.65,52.81,2278.87
2/1/2017,992.75,980.0301,975.8401,977.1501,983.73,977.96,989.1,980.8,6.884,0.9301,1209.78,53.88,2279.55
2/2/2017,1008.38,1013.6391,1010.2101,1002.6201,1005.7,1005.29,1007.32,1010,6.884,0.927,1215.75,53.54,2280.85
2/3/2017,1018,1011.6601,1011.6301,1014.1201,1015.7,1005.7,1017,1018.4,6.8672,0.9272,1220.2,53.83,2297.42
2/4/2017,1035.54,1029.4901,1026.9202,1029.4801,1031.1,1022.15,1032.99,1019.5,6.8672,0.9272,1220.2,53.83,2297.42
2/5/2017,1016.32,1016.9701,1009.1101,1013.3701,1006.6,1011.87,1011.91,1014.4,6.8672,0.9272,1220.2,53.83,2297.42
2/6/2017,1022.58,1026.1602,1025.3002,1024.6001,1022.6,1034.31,1023.99,1006.5,6.863,0.9315,1235.41,53.01,2292.56
2/7/2017,1053.96,1052.0101,1050.3601,1051.4801,1052.1,1047.63,1055.42,1050,6.8853,0.9354,1233.92,52.17,2293.08
2/8/2017,1056.7,1062.5101,1058.9901,1056.3701,1048.8,1044.82,1053.9,1062.1,6.8638,0.9349,1241.48,52.34,2294.67
2/9/2017,994.24,977.4771,970.9901,975.0001,984.97,983.66,988.7,957,6.8692,0.9383,1228.36,53,2307.87
2/10/2017,1001.99,1000.1781,1000.9901,992.3701,992,994.71,1001.07,994.6,6.8785,0.9398,1233.65,53.86,2316.1
2/11/2017,1018.65,1016.8751,1013.1501,1011.6801,1000.3,1014.72,1013.57,997.7,6.8785,0.9398,1233.65,53.86,2316.1
2/12/2017,1010,1001.1301,997.5901,1001.7101,996.01,997.84,1007.77,1005,6.8785,0.9398,1233.65,53.86,2316.1
2/13/2017,1002.82,1000.0001,999.2301,999.5001,996.5,993.71,1000.97,1005,6.8802,0.9437,1225.18,52.93,2328.25
2/14/2017,1013.92,1012.9991,1009.8801,1008.2201,1013.7,1006.5,1013.12,1014,6.8675,0.9465,1228.2,53.2,2337.58
2/15/2017,1014.53,1017.9901,1012.9901,1014.6901,1013.8,1004.47,1013.67,1018,6.8711,0.9449,1233.72,53.11,2349.25
2/16/2017,1038.94,1037.1111,1034.8201,1035.0001,1038.4,1035.03,1034.33,1030.3,6.853,0.9387,1239.1,53.36,2347.22
2/17/2017,1057.3,1060.1371,1059.2601,1062.2201,1056.2,1056.68,1059.75,1061.5,6.8665,0.9422,1234.95,53.4,2351.16
2/18/2017,1062.15,1065.0502,1060.0001,1065.8002,1059.8,1051.47,1059.84,1070.1,6.8665,0.9422,1234.95,53.4,2351.16
2/19/2017,1059.88,1053.9951,1052.0001,1051.5101,1056.2,1045.85,1054.72,1054.8,6.8665,0.9422,1234.95,53.4,2351.16
2/20/2017,1089.82,1062.0602,1059.6602,1062.3901,1091.2,1075.04,1085.13,1085,6.8785,0.9426,1238.5,53.4,2351.16
2/21/2017,1128.29,1115.0011,1114.9901,1114.0001,1129.6,1120,1133.68,1137.7,6.884,0.9484,1235.7,54.06,2365.38
2/22/2017,1128.71,1129.0011,1129.6702,1138.1101,1125.3,1134.54,1128.54,1136.2,6.8778,0.9482,1237.55,53.59,2362.82
2/23/2017,1186.9,1163.1901,1161.1201,1163.4202,1190.9,1189.99,1181.02,1174.4,6.8661,0.9464,1249.78,54.45,2363.81
2/24/2017,1186.91,1178.0001,1177.4901,1166.5302,1185.1,1176.67,1183.72,1185,6.8691,0.9468,1257.15,53.99,2367.34
2/25/2017,1158,1154.8181,1159.5801,1151.5502,1153,1150.42,1148.77,1158.5,6.8691,0.9468,1257.15,53.99,2367.34
2/26/2017,1184.91,1166.5001,1178.0001,1176.1402,1178.3,1184.07,1182.03,1158.5,6.8691,0.9468,1257.15,53.99,2367.34
2/27/2017,1195.81,1189.2332,1193.3301,1190.2602,1195.5,1181.14,1194.5,1197,6.8708,0.943,1252.77,54.05,2369.75
2/28/2017,1195.08,1192.3341,1196.1602,1194.0102,1189.1,1196.22,1195.2,1195,6.867,0.9427,1248.33,54.01,2363.64
3/1/2017,1230,1224.8002,1224.4302,1220.2501,1232.8,1224.99,1228.9,1230.5,6.8819,0.9467,1249.48,53.83,2395.96
3/2/2017,1269.17,1253.8201,1254.6001,1268.8701,1262.3,1259.32,1260.21,1250,6.8899,0.9518,1234.31,52.61,2381.92
3/3/2017,1292.86,1272.9992,1278.3401,1283.4501,1288.2,1279.9,1287.98,1267.8,6.8972,0.9413,1234.55,53.33,2383.12
3/4/2017,1273.97,1260.4302,1261.2201,1264.7502,1267.8,1256.22,1270,1251.1,6.8972,0.9413,1234.55,53.33,2383.12
3/5/2017,1278.98,1272.3971,1266.1101,1284.2401,1278.4,1258.23,1273.99,1278.7,6.8972,0.9413,1234.55,53.33,2383.12
3/6/2017,1284.99,1275.9672,1276.4701,1279.1201,1279.3,1267.87,1288.88,1276.1,6.897,0.9454,1225.29,53.2,2375.31
3/7/2017,1237.36,1240.8031,1245.3601,1242.0001,1232.4,1239.71,1236.29,1247.1,6.9025,0.9457,1215.85,53.14,2368.39
3/8/2017,1150.22,1155.2401,1161.9002,1167.3301,1149.3,1142.83,1151.39,1140.1,6.9131,0.9491,1208.34,50.28,2362.98
3/9/2017,1197.3,1195.3971,1197.9801,1199.0701,1190.4,1190,1197.2,1184.8,6.911,0.9451,1201.17,49.28,2364.87
3/10/2017,1109.01,1087.0001,1091.7701,1288.8301,1113.6,1122.99,1109.29,1107.6,6.9093,0.9369,1204.73,48.49,2372.6
3/11/2017,1188.11,1160.5001,1176.9102,1173.0001,1172.8,1164.68,1182.64,1165,6.9093,0.9369,1204.73,48.49,2372.6
3/12/2017,1235.58,1219.4291,1223.3902,1232.6302,1225.2,1229.86,1232.63,1230,6.9093,0.9369,1204.73,48.49,2372.6
3/13/2017,1245.49,1226.0021,1242.0502,1247.0701,1238.5,1230.23,1246.85,1201,6.9143,0.9382,1204.06,48.4,2373.47
3/14/2017,1247.42,1251.4951,1247.3902,1248.0001,1245,1251.26,1248.2,1259,6.915,0.9415,1199.01,47.72,2365.45
3/15/2017,1263,1249.9992,1253.7902,1250.9901,1256.1,1255.91,1261.75,1258.8,6.9149,0.9406,1219.68,48.86,2385.26
3/16/2017,1175.11,1147.0402,1168.0001,1156.6301,1169,1179.44,1175.29,1165.5,6.898,0.9332,1226.42,48.75,2381.38
3/17/2017,1069.57,1080.1841,1111.0001,1110.5202,1068.4,1080.2,1070.6,1062.5,6.9034,0.9312,1229.29,48.78,2378.25
3/18/2017,970,943.7791,981.0001,957.6401,971,990.64,965.1,967.3,6.9034,0.9312,1229.29,48.78,2378.25
3/19/2017,1019.49,1022.0091,1039.8002,1046.4901,1016.1,1027.99,1010.63,1032.9,6.9034,0.9312,1229.29,48.78,2378.25
3/20/2017,1044.96,1020.3441,1040.3801,1028.9901,1039,1035.8,1041.61,1050,6.9085,0.9322,1234.33,48.22,2373.47
3/21/2017,1114.42,1089.0211,1106.4002,1094.1101,1115,1113.59,1113.81,1098,6.8874,0.9252,1244.57,47.34,2344.02
3/22/2017,1034.57,1005.9901,1012.0301,1011.1801,1039.1,1024.2,1037.97,1037.5,6.8819,0.9251,1248.54,48.04,2348.45
3/23/2017,1025.14,1041.3002,1028.8002,1040.7201,1033,1028.79,1033,1023.8,6.8863,0.9276,1245.3,47.7,2345.96
3/24/2017,934.87,955.8511,957.0301,957.6901,943.1,921.97,936.83,952.7,6.8837,0.9261,1243.45,47.97,2343.98
3/25/2017,963.72,939.1731,944.0201,944.2001,972.17,959.75,966.76,966.2,6.8837,0.9261,1243.45,47.97,2343.98
3/26/2017,973.08,967.2751,972.6001,974.0001,969,964.41,967.14,952.1,6.8837,0.9261,1243.45,47.97,2343.98
3/27/2017,1042.08,1020.7001,1023.8301,1022.1301,1042.7,1016,1045.01,1040,6.8729,0.9205,1254.36,47.73,2341.59
3/28/2017,1045.4,1027.1411,1028.6901,1027.3601,1044.7,978,1045.04,1045.1,6.8795,0.9231,1251.88,48.37,2358.57
3/29/2017,1043.27,1040.1702,1036.6702,1038.8401,1041.8,858.02,1041.03,1037.6,6.8901,0.9301,1253.52,49.51,2361.13
3/30/2017,1042.34,1035.4481,1030.6101,1031.3201,1041,750,1041.75,1045.3,6.8894,0.9343,1242.67,50.35,2368.06
3/31/2017,1088.99,1070.8601,1067.0001,1071.3701,1081.7,977.84,1084.22,1082,6.8872,0.9385,1249.35,50.6,2362.72
4/1/2017,1092,1077.9401,1075.0001,1078.2201,1093.2,969.99,1089.99,1083.2,6.8872,0.9385,1249.35,50.6,2362.72
4/2/2017,1113.99,1109.0292,1091.7101,1108.7601,1107.6,997,1107.45,1105,6.8872,0.9385,1249.35,50.6,2362.72
4/3/2017,1152.6,1153.8601,1146.3301,1150.0001,1150.2,1099.83,1152.94,1130.6,6.8872,0.938,1253.35,50.24,2358.84
4/4/2017,1143.99,1136.6421,1137.3301,1137.5801,1145,1101.01,1149.03,1149,6.8872,0.9381,1256.26,51.03,2360.16
4/5/2017,1132.99,1130.8572,1129.1401,1128.1201,1140.6,1087.56,1134.73,1121,6.8948,0.9392,1255.7,51.15,2352.95
4/6/2017,1192.3,1198.9851,1193.0001,1195.0001,1191.5,1169.54,1195.77,1207.3,6.8977,0.939,1251.96,51.7,2357.49
4/7/2017,1194,1201.6101,1196.5901,1198.6901,1196.6,1175,1194.67,1191,6.9005,0.9443,1254.45,52.24,2355.54
4/8/2017,1184.5,1176.0001,1178.3501,1178.8902,1188.1,1174.99,1184.5,1183,6.9005,0.9443,1254.45,52.24,2355.54
4/9/2017,1210.97,1212.1352,1211.4002,1209.9901,1215.9,1180,1210.08,1223,6.9005,0.9443,1254.45,52.24,2355.54
4/10/2017,1210,1205.7991,1203.2201,1206.6201,1220.3,1174,1210.64,1212,6.903,0.9434,1254.7,53.08,2357.16
4/11/2017,1223.99,1227.3002,1219.2501,1225.6402,1235.6,1198.99,1223.76,1227,6.8921,0.9426,1274.57,53.4,2353.78
4/12/2017,1214.17,1216.2001,1214.8201,1216.8401,1227.4,1228,1218.12,1215,6.8915,0.9432,1286.92,53.11,2344.93
4/13/2017,1177.05,1168.0131,1168.9202,1170.9601,1187,1228.88,1177.88,1185.8,6.89,0.9414,1287.88,53.18,2328.95
4/14/2017,1173.74,1184.9512,1168.4701,1179.8902,1206.8,1174.04,1175.5,1200.5,6.8854,0.9422,1285.69,53.18,2328.95
4/15/2017,1178.85,1189.3301,1181.9801,1186.3701,1193.3,1184.01,1174.69,1199.5,6.8854,0.9422,1285.69,53.18,2328.95
4/16/2017,1177.99,1180.9391,1170.8801,1176.7201,1212,1199.99,1178.01,1212.1,6.8854,0.9422,1285.69,53.18,2328.95
4/17/2017,1189.91,1200.0001,1188.2101,1194.0001,1240,1225,1193.81,1239.3,6.8803,0.9386,1284.69,52.65,2349.01
4/18/2017,1201.94,1208.9992,1197.3401,1200.9901,1265.4,1249.98,1204,1270.1,6.882,0.9339,1289.6,52.41,2342.19
4/19/2017,1214.21,1207.0001,1202.9501,1204.4801,1260.5,1262.66,1211.45,1269,6.888,0.9337,1280.27,50.44,2338.17
4/20/2017,1236.15,1237.4002,1236.9002,1237.6001,1308.4,1215.32,1238.45,1298,6.8822,0.9306,1281.89,50.27,2355.84
4/21/2017,1249.99,1239.7201,1242.0001,1241.7001,1325.6,1295,1250,1322.9,6.8859,0.9325,1284.1,49.62,2348.69
4/22/2017,1247,1242.2101,1238.9202,1242.7902,1347.5,1319,1247.66,1337.6,6.8859,0.9325,1284.1,49.62,2348.69
4/23/2017,1251.98,1242.8802,1240.6302,1243.9801,1355.2,1315.11,1247.83,1362.2,6.8859,0.9325,1284.1,49.62,2348.69
4/24/2017,1257.29,1252.9102,1251.9901,1253.6702,1345,1316.11,1255.71,1352.6,6.8847,0.9224,1276.19,49.23,2374.15
4/25/2017,1281.16,1277.9982,1274.9801,1278.3002,1370.3,1349,1282.56,1358.3,6.8847,0.9133,1264.24,49.56,2388.61
4/26/2017,1298.44,1296.6502,1291.5602,1290.2802,1399.3,1396.78,1294.91,1400,6.8926,0.9194,1269.24,49.62,2387.45
4/27/2017,1349.26,1338.7401,1340.1702,1342.0302,1440.3,1440,1346.04,1442,6.8979,0.9195,1264.32,48.97,2388.77
4/28/2017,1353.34,1296.6991,1305.7502,1308.2502,1415.6,1401.97,1347.19,1413.7,6.8935,0.9178,1268.29,49.33,2384.2
4/29/2017,1365.43,1337.5152,1334.5901,1345.9501,1423.6,1423.77,1351.08,1420,6.8935,0.9178,1268.29,49.33,2384.2
4/30/2017,1384.55,1338.8682,1342.2402,1351.6001,1435.2,1439.2,1362.63,1431.4,6.8935,0.9178,1268.29,49.33,2384.2
5/1/2017,1436.5,1415.0002,1415.1202,1439.0002,1533.1,1444.68,1440.82,1535,6.8935,0.917,1256.65,48.84,2388.33
5/2/2017,1471.99,1425.1122,1429.4701,1435.0202,1560,1539.65,1464.94,1563.8,6.8959,0.917,1255.1,47.66,2391.17
5/3/2017,1533,1516.5982,1510.5202,1513.0002,1617.8,1608.24,1517.95,1610,6.8989,0.916,1238.15,47.82,2388.13
5/4/2017,1563.39,1477.9902,1480.0002,1501.1702,1607.1,1604.77,1550,1614.3,6.8959,0.9114,1228.1,45.52,2389.52
5/5/2017,1551.3,1505.7462,1516.7302,1540.7602,1545.1,1540,1546.93,1553.4,6.9031,0.9092,1221.6,46.22,2399.29
5/6/2017,1585.39,1558.9262,1561.8902,1579.3502,1597.1,1596.21,1580.99,1600,6.9031,0.9092,1221.6,46.22,2399.29
5/7/2017,1609.57,1512.4202,1528.9902,1589.9702,1619.9,1617.51,1602.17,1629,6.9031,0.9092,1221.6,46.22,2399.29
5/8/2017,1713,1637.7142,1621.4602,1628.6202,1703.2,1707.62,1686.39,1703.2,6.9045,0.9147,1226.27,46.43,2399.38
5/9/2017,1720.43,1696.2402,1704.7002,1716.8402,1760,1766.36,1719.51,1760.1,6.9074,0.9181,1221.4,45.88,2396.92
5/10/2017,1794.99,1766.5092,1763.0102,1774.8202,1796.8,1792.25,1793.26,1800,6.9032,0.9202,1219.23,47.33,2399.63
5/11/2017,1837.93,1814.0002,1805.1102,1808.0002,1853.9,1858.49,1834.1,1854.8,6.9037,0.9202,1225.05,47.83,2394.44
5/12/2017,1695.61,1699.9992,1690.8502,1695.5002,1735,1732.6,1694.64,1748.9,6.8995,0.9147,1228.13,47.84,2390.9
5/13/2017,1792.73,1753.1052,1747.4502,1750.7902,1820.4,1827.11,1781.71,1811.3,6.8995,0.9147,1228.13,47.84,2390.9
5/14/2017,1799.99,1783.1302,1781.1803,1796.1902,1828.1,1829,1794.01,1828,6.8995,0.9147,1228.13,47.84,2390.9
5/15/2017,1747.81,1714.8473,1700.9702,1711.4702,1772.5,1761.45,1742.67,1776.7,6.8935,0.9113,1230.69,48.85,2402.32
5/16/2017,1777.48,1770.9362,1726.7002,1789.9802,1785.7,1787.38,1769.71,1800,6.8867,0.9029,1237.06,48.66,2400.67
5/17/2017,1813.23,1821.4692,1784.0902,1803.7602,1870,1863.51,1812.57,1831,6.8784,0.8978,1261.22,49.07,2357.03
5/18/2017,1899.16,1892.3802,1873.0002,1869.5202,1941.5,1924.63,1895.55,1931,6.8892,0.8989,1247.14,49.35,2365.72
5/19/2017,1976.23,1936.0102,1938.6703,1934.1703,1966.5,1833.89,1965.01,1975.1,6.885,0.8923,1255.91,50.33,2381.73
5/20/2017,2058.91,2029.0002,1999.1902,2000.0002,2059.7,1999.99,2044.4,2072.9,6.885,0.8923,1255.91,50.33,2381.73
5/21/2017,2057,2004.8972,2011.6202,2000.0002,2029.2,1980.07,2026,2020.7,6.885,0.8923,1255.91,50.33,2381.73
5/22/2017,2123.29,2120.0003,2127.8003,2142.1204,2085.5,2080.85,2101.33,2079,6.8864,0.8902,1260.62,50.73,2394.02
5/23/2017,2272.75,2185.0012,2224.9702,2234.6802,2249.3,2226.26,2261.22,2176.8,6.8852,0.8935,1251.16,51.47,2398.42
5/24/2017,2432.97,2415.1004,2452.5704,2462.9703,2394.8,2397.29,2436.45,2323,6.8901,0.8946,1258.8,51.36,2404.39
5/25/2017,2355,2424.0003,2429.9903,2480.5704,2252,2213.26,2330.84,2000,6.8685,0.8914,1255.69,48.9,2415.07
5/26/2017,2272.7,2215.3843,2285.4402,2296.4502,2127.3,2285.29,2267.37,1766,6.8555,0.8944,1266.9,49.8,2415.82
5/27/2017,2099.99,2018.4993,2051.7002,2079.0803,1972.3,1917.45,2096.77,1749,6.8555,0.8944,1266.9,49.8,2415.82
5/28/2017,2232.78,2055.0002,2104.0003,2159.3901,2056.6,2081.89,2230.77,2028,6.8555,0.8944,1266.9,49.8,2415.82
5/29/2017,2279.48,2279.9832,2321.9903,2339.9402,2207.4,2190.99,2284.3,2200,6.8555,0.8949,1269.5,49.8,2415.82
5/30/2017,2191.58,2250.0083,2271.0904,2270.9602,2146.7,2128.83,2197.33,2130,6.8555,0.895,1263.15,49.66,2412.91
5/31/2017,2303.29,2287.2493,2293.3604,2293.1302,2191.83,2199.1,2303.62,2152.1,6.818,0.8899,1268.94,48.32,2411.8
6/1/2017,2419.99,2377.9832,2405.2803,2411.6104,2311.6,2312.32,2412.34,2286.1,6.8083,0.8921,1265.95,48.36,2430.06
6/2/2017,2478.99,2388.0003,2441.9502,2437.3404,2405.88,2399.11,2484.04,2392.5,6.81,0.8863,1279.23,47.66,2439.07
6/3/2017,2548.05,2559.9984,2546.6902,2557.0704,2461,2467.98,2554.91,2468.9,6.81,0.8863,1279.23,47.66,2439.07
6/4/2017,2521.36,2504.0013,2505.2603,2508.2503,2488.2,2472.11,2520.05,2475.6,6.81,0.8863,1279.23,47.66,2439.07
6/5/2017,2698,2664.9874,2655.4503,2647.4703,2636.2,2619.23,2689.43,2625,6.804,0.8886,1279.53,47.4,2436.1
6/6/2017,2871.29,2869.9994,2871.0104,2872.0003,2843.6,2839.19,2880.23,2840,6.7952,0.8873,1294.17,48.19,2429.33
6/7/2017,2685.64,2742.0704,2742.0504,2740.5904,2642.63,2655.59,2690,2613,6.7958,0.8877,1287.1,45.72,2433.14
6/8/2017,2799.73,2760.0003,2753.5404,2749.8304,2782.1,2778.06,2800,2787,6.8003,0.8919,1278.05,45.64,2433.79
6/9/2017,2811.39,2834.4894,2829.9903,2830.0204,2809,2798.17,2807.01,2790.1,6.798,0.8933,1266.63,45.83,2431.77
6/10/2017,2931.15,2812.1104,2830.0003,2810.2603,2806,2815.68,2903.77,2809,6.798,0.8933,1266.63,45.83,2431.77
6/11/2017,2998.98,2865.0104,2934.7704,2923.0003,2936.3,2917.72,2960,2942,6.798,0.8933,1266.63,45.83,2431.77
6/12/2017,2655.71,2572.9112,2617.0003,2949.3802,2571.8,2572.61,2656.3,2579,6.7982,0.893,1265.9,46.08,2429.39
6/13/2017,2709.01,2701.2652,2696.1602,2707.3304,2676.4,2673.94,2716.06,2681.9,6.7991,0.8927,1266.6,46.46,2440.35
6/14/2017,2432.21,2541.0003,2544.3802,2561.5504,2395.04,2391.06,2459.56,2397,6.7917,0.8871,1260.77,44.73,2437.92
6/15/2017,2409.98,2364.2632,2350.0003,2361.1302,2377.4,2367.55,2416.16,2394,6.8078,0.897,1253.92,44.46,2432.46
6/16/2017,2480.43,2486.4893,2492.8304,2499.3404,2437,2437.7,2484.64,2429,6.8105,0.8931,1253.65,44.74,2433.15
6/17/2017,2634.94,2640.9112,2644.7203,2638.2503,2610,2618.07,2640.51,2612,6.8105,0.8931,1253.65,44.74,2433.15
6/18/2017,2515.25,2471.0013,2475.9703,2475.0203,2491.5,2495.6,2519.87,2519.8,6.8105,0.8931,1253.65,44.74,2433.15
6/19/2017,2596.98,2572.0252,2579.6602,2580.0003,2580.8,2601,2594.99,2575,6.8195,0.8961,1243.39,44.2,2453.46
6/20/2017,2725.08,2734.1524,2771.2503,2762.9002,2712.2,2670.95,2734.14,2678,6.8292,0.8989,1242.99,43.23,2437.03
6/21/2017,2643.35,2646.0853,2679.3104,2675.5804,2621.2,2616.64,2645.1,2630,6.8295,0.8971,1246.55,42.53,2435.61
6/22/2017,2679.99,2681.9993,2692.0003,2671.9303,2672.8,2669.1,2689.58,2660,6.8348,0.8964,1250.45,42.74,2434.5
6/23/2017,2690.76,2702.0733,2723.7403,2720.5504,2674.9,2681.7,2684.63,2668.5,6.8366,0.8933,1256.75,43.01,2438.3
6/24/2017,2574.84,2571.7532,2567.0003,2569.8004,2502.6,2498.96,2572.96,2515,6.8366,0.8933,1256.75,43.01,2438.3
6/25/2017,2505.61,2473.3792,2493.8704,2488.3902,2477.7,2469.33,2497.6,2485.7,6.8366,0.8933,1256.75,43.01,2438.3
6/26/2017,2407.91,2294.4864,2374.8704,2365.8802,2394.6,2398.21,2415.62,2398.5,6.8411,0.8939,1244.73,43.38,2439.07
6/27/2017,2575.75,2464.9102,2465.2603,2458.5203,2521.2,2513,2573.77,2510,6.8126,0.8841,1247.13,44.24,2419.38
6/28/2017,2553.12,2592.1592,2585.9503,2585.0103,2518.2,2517.8,2554.97,2510.5,6.7998,0.8789,1249.25,44.74,2440.69
6/29/2017,2530,2549.5403,2559.9803,2562.7203,2470.1,2479.41,2549.89,2465.6,6.787,0.8749,1245.52,44.93,2419.7
6/30/2017,2455.19,2501.0003,2519.3204,2518.7803,2420.7,2418.2,2456.01,2418,6.7809,0.8752,1241.55,46.04,2423.41
7/1/2017,2423.63,2370.0022,2406.7102,2414.6204,2349.5,2343.6,2416.12,2342.6,6.7809,0.8752,1241.55,46.04,2423.41
7/2/2017,2516.66,2498.0042,2493.0003,2496.4803,2445,2438.96,2507.84,2438,6.7809,0.8752,1241.55,46.04,2423.41
7/3/2017,2542.41,2558.0103,2559.9503,2559.4202,2524,2531.17,2540.94,2549.8,6.8003,0.8806,1220.13,47.07,2429.01
7/4/2017,2602,2562.2003,2573.7603,2577.4302,2582.6,2591.14,2606.64,2590,6.8007,0.881,1223.26,47.07,2429.01
7/5/2017,2616.96,2614.9603,2605.0003,2609.3004,2598.5,2598.22,2625.06,2606,6.8019,0.882,1226.98,45.13,2432.54
7/6/2017,2604.84,2598.1812,2599.0003,2599.3304,2593.1,2590.85,2605.53,2587,6.8015,0.8757,1225.27,45.52,2409.75
7/7/2017,2501.15,2510.0003,2519.5503,2520.3504,2479.3,2479.19,2493.79,2464,6.8057,0.8772,1213.15,44.23,2425.18
7/8/2017,2561.11,2529.2403,2531.3404,2533.2203,2542,2545.92,2547.77,2555.6,6.8057,0.8772,1213.15,44.23,2425.18
7/9/2017,2508.99,2527.2803,2530.1104,2530.4302,2478,2472.54,2501.02,2468.2,6.8057,0.8772,1213.15,44.23,2425.18
7/10/2017,2331.05,2384.0003,2377.0804,2379.4602,2318.3,2322.15,2329.4,2306.1,6.8036,0.8775,1214.42,44.4,2427.43
7/11/2017,2310.01,2319.9993,2331.5503,2324.6104,2282.1,2298.18,2305.05,2274.1,6.8025,0.8742,1217.8,45.04,2425.53
7/12/2017,2383.42,2374.2513,2378.7503,2370.3802,2374.4,2379.82,2383.82,2380.5,6.7878,0.8756,1220.48,45.49,2443.25
7/13/2017,2340,2329.9012,2338.0103,2337.8902,2329,2328.38,2343.48,2340,6.7835,0.8779,1217.58,46.08,2447.83
7/14/2017,2217.24,2159.9722,2152.8704,2159.5603,2205.1,2206.72,2213.01,2197,6.7752,0.8719,1228.7,46.54,2459.27
7/15/2017,1964.31,2017.0002,2001.6302,1998.0102,1978.6,1976.27,1967.34,1980.1,6.7752,0.8719,1228.7,46.54,2459.27
7/16/2017,1911.78,1871.9992,1878.2102,1868.2502,1924.9,1929.28,1904,1919,6.7752,0.8719,1228.7,46.54,2459.27
7/17/2017,2235.19,2164.0003,2167.8303,2173.6204,2219,2216.41,2229.07,2210,6.77,0.8717,1234.04,46.02,2459.14
7/18/2017,2308.15,2345.2212,2353.3003,2350.0003,2302.1,2300.81,2304.36,2295.9,6.7466,0.8648,1244.06,46.4,2460.61
7/19/2017,2258.99,2252.0003,2263.7903,2256.3103,2253.1,2249.05,2339.55,2250,6.7519,0.868,1241.21,47.12,2473.83
7/20/2017,2873.48,2725.0003,2731.0003,2733.3704,2856.3,2844.05,2889.98,2850,6.7597,0.8596,1244.48,46.79,2473.45
7/21/2017,2657.45,2641.8973,2635.1104,2665.0003,2664,2658.37,2661.99,2675,6.7667,0.8572,1255.05,45.77,2472.54
7/22/2017,2825.27,2795.4002,2800.4703,2788.5604,2845.7,2839.42,2838.07,2850.1,6.7667,0.8572,1255.05,45.77,2472.54
7/23/2017,2754.28,2785.0003,2783.5404,2780.7503,2747.5,2742,2761.45,2748,6.7667,0.8572,1255.05,45.77,2472.54
7/24/2017,2762.26,2765.2003,2758.1302,2756.2403,2769.7,2775.97,2758.5,2771.9,6.7512,0.8593,1255.41,46.34,2469.91
7/25/2017,2564,2454.0003,2481.7403,2471.9302,2560.9,2560.85,2558.27,2545.7,6.751,0.8581,1250.05,47.89,2477.13
7/26/2017,2525.99,2508.3003,2503.5503,2500.0003,2525.7,2520.17,2524.52,2520,6.754,0.8601,1260.55,48.75,2477.83
7/27/2017,2664.99,2583.0003,2583.8004,2580.9202,2664.9,2662.04,2662.99,2665.3,6.743,0.8573,1259.13,49.04,2475.42
7/28/2017,2786.07,2771.7003,2755.9102,2756.9903,2784.8,2786.58,2786.19,2774,6.7369,0.8511,1269.65,49.71,2472.1
7/29/2017,2700.21,2723.5164,2729.9903,2731.6502,2714.1,2719.04,2706.14,2730,6.7369,0.8511,1269.65,49.71,2472.1
7/30/2017,2723.99,2738.9503,2713.7904,2703.8902,2749,2742.34,2749.99,2747,6.7369,0.8511,1269.65,49.71,2472.1
7/31/2017,2856.88,2897.2303,2885.0003,2888.8504,2856,2857.04,2871.27,2858,6.7266,0.8468,1269.44,50.17,2470.3
8/1/2017,2732.59,2712.8272,2731.0103,2742.7503,2731.2,2722.1,2730,2735,6.7179,0.8472,1268.85,49.16,2476.35
8/2/2017,2699.9,2694.6602,2689.4102,2691.0003,2702,2692,2703.44,2690,6.7217,0.8426,1266.65,49.59,2477.57
8/3/2017,2787.02,2786.0003,2783.9903,2782.3604,2790.3,2784.15,2783.43,2790.9,6.7172,0.8425,1268.52,49.03,2472.16
8/4/2017,2857.34,2855.3993,2839.7603,2832.0003,2860,2868.9,2856.4,2846.1,6.7289,0.8494,1258.77,49.58,2476.83
8/5/2017,3243.49,3248.0004,3249.7504,3249.7304,3256.4,3249.27,3252.34,3245,6.7289,0.8494,1258.77,49.58,2476.83
8/6/2017,3222.22,3279.6303,3249.0004,3269.1503,3227.9,3228,3218.73,3226.1,6.7289,0.8494,1258.77,49.58,2476.83
8/7/2017,3398.23,3359.9994,3344.1403,3342.6005,3396.7,3398.85,3391.48,3405,6.7215,0.8482,1257.9,49.39,2480.91
8/8/2017,3422.43,3450.0004,3447.9303,3446.0104,3415,3411.94,3421.11,3408,6.7064,0.8508,1260.95,49.17,2474.92
8/9/2017,3342.8,3381.2553,3358.4303,3360.0104,3339.9,3338.66,3348.99,3330,6.6743,0.8514,1277.34,49.56,2474.02
8/10/2017,3444.98,3445.1093,3420.0004,3414.5404,3407.9,3406.45,3421.45,3420,6.647,0.8507,1286.34,48.59,2438.21
8/11/2017,3656.15,3598.0004,3573.0004,3570.7704,3644.1,3640.04,3639.99,3625.3,6.6636,0.8459,1289.35,48.82,2441.32
8/12/2017,3874,3777.4004,3778.3803,3787.0805,3865.5,3864.95,3863.3,3865.2,6.6636,0.8459,1289.35,48.82,2441.32
8/13/2017,4060.47,4013.3975,3994.6704,3993.2605,4053.3,4061.42,4046.34,4049,6.6636,0.8459,1289.35,48.82,2441.32
8/14/2017,4320.6,4260.0005,4256.6104,4253.8203,4319.5,4310.01,4318.3,4315,6.6712,0.8479,1282.14,47.59,2465.84
8/15/2017,4159.93,4007.2954,4069.9905,4071.5405,4151.9,4157.39,4154.84,4164,6.6855,0.852,1271.52,47.55,2464.61
8/16/2017,4370.01,4340.3067,4340.0205,4352.1206,4386.3,4376.99,4340.01,4380,6.6916,0.8545,1283.27,46.78,2468.11
8/17/2017,4280.01,4326.6006,4329.4204,4319.7803,4260,4257.11,4284.45,4254,6.6755,0.8517,1288.06,47.09,2430.01
8/18/2017,4101.72,4050.8005,4004.6106,4011.0806,4090.2,4089.18,4102.48,4070,6.6702,0.8503,1283.95,48.51,2425.55
8/19/2017,4157.41,4135.7915,4087.9604,4123.8106,4145.1,4150.03,4145.11,4154,6.6702,0.8503,1283.95,48.51,2425.55
8/20/2017,4050.99,4124.8145,4061.5305,4115.9507,4064.3,4051.78,4049.98,4073.3,6.6702,0.8503,1283.95,48.51,2425.55
8/21/2017,4002,4015.1006,3999.0005,3996.0806,4002.5,3992.05,3993.87,4000,6.6664,0.8458,1291.88,47.37,2428.37
8/22/2017,4092,4079.1016,4071.0505,4070.0005,4074,4071.5,4093.28,4084,6.6624,0.8502,1285.14,47.64,2452.51
8/23/2017,4143.49,4135.9785,4120.0005,4127.9805,4129.1,4134.36,4147.1,4131,6.659,0.8474,1290.95,48.41,2444.04
8/24/2017,4312.03,4256.6685,4230.0005,4230.0005,4325.2,4320.17,4313.21,4307.4,6.662,0.8471,1286.29,47.43,2438.97
8/25/2017,4360,4349.1997,4327.9405,4326.3404,4351.5,4352.18,4371.25,4365,6.6465,0.8386,1291.37,47.87,2443.05
8/26/2017,4344.32,4365.0205,4343.9805,4347.4107,4341.7,4335.62,4371.25,4331.9,6.6465,0.8386,1291.37,47.87,2443.05
8/27/2017,4340.11,4360.2627,4346.3306,4337.9204,4331.8,4329.95,4340.88,4332,6.6465,0.8386,1291.37,47.87,2443.05
8/28/2017,4384.99,4340.2783,4334.8404,4340.0005,4383.8,4380.23,4379.97,4384,6.6144,0.8351,1308.35,46.57,2444.24
8/29/2017,4599,4604.0005,4593.0005,4597.0103,4587.1,4592.2,4589.99,4600,6.5963,0.8322,1309.27,46.44,2446.3
8/30/2017,4581.98,4576.3707,4573.0005,4560.4708,4569,4569.29,4583.85,4577.5,6.594,0.84,1308.64,45.96,2457.59
8/31/2017,4743.94,4741.0006,4733.5303,4738.0006,4718.2,4713.45,4736.28,4710,6.5901,0.8417,1321.4,47.23,2471.65
9/1/2017,4947.99,4878.0006,4867.8707,4874.2408,4904.9,4893.76,4924,4889,6.5584,0.8432,1324.9,47.29,2476.55
9/2/2017,4649.99,4575.1104,4543.1905,4501.6304,4534.4,4525.28,4642.85,4520,6.5584,0.8432,1324.9,47.29,2476.55
9/3/2017,4626.05,4592.0206,4535.0005,4540.9405,4595,4588.74,4607.47,4595.9,6.5584,0.8432,1324.9,47.29,2476.55
9/4/2017,4498.25,4359.4204,4270.8203,4297.0303,4200.4,4185.2,4278.86,4171,6.5309,0.8408,1332.35,47.29,2476.55
9/5/2017,4432.51,4483.7408,4416.1304,4459.7207,4374.9,4370.52,4393,4387,6.5388,0.8401,1339.66,48.66,2457.85
9/6/2017,4616.18,4605.0005,4553.8106,4557.0206,4589.1,4582.64,4609.17,4585.1,6.5242,0.8384,1334.19,49.16,2465.54
9/7/2017,4624.18,4615.6006,4569.4507,4568.3306,4613.5,4613.19,4623.19,4638,6.4865,0.8341,1349.29,49.09,2465.1
9/8/2017,4350,4247.8003,4228.7603,4227.5903,4305.8,4303.45,4000,4280.1,6.4943,0.8308,1346.45,47.48,2461.43
9/9/2017,4334.36,4295.9004,4270.0103,4261.0606,4317.9,4326.91,4325.17,4332,6.4943,0.8308,1346.45,47.48,2461.43
9/10/2017,4251.36,4330.2007,4266.2905,4261.8706,4232.1,4223.82,4243.48,4220,6.4943,0.8308,1346.45,47.48,2461.43
9/11/2017,4210.72,4200.0005,4188.3604,4186.9307,4203,4197.28,4209.69,4215.9,6.5297,0.8354,1327.46,48.07,2488.11
9/12/2017,4164.52,4197.8003,4174.5005,4175.0005,4142.9,4158.62,4155.55,4122,6.5354,0.8359,1331.81,48.23,2496.48
9/13/2017,3855.32,3901.0005,3895.0005,3895.0005,3849.7,3862.54,3855.01,3859.4,6.543,0.8417,1323.24,49.3,2498.37
9/14/2017,3250.4,3390.4003,3390.0004,3387.0605,3238.1,3232.98,3242.63,3203.8,6.556,0.8415,1329.69,49.89,2495.62
9/15/2017,3740.02,3744.2004,3716.0205,3714.9604,3698,3691.48,3694.3,3700.6,6.5526,0.837,1320.16,49.89,2500.23
9/16/2017,3726.51,3724.0004,3661.7104,3665.0004,3685.4,3675.75,3715.38,3670,6.5526,0.837,1320.16,49.89,2500.23
9/17/2017,3719.97,3748.0004,3688.6105,3724.9204,3666.3,3669.9,3716.46,3664.5,6.5526,0.837,1320.16,49.89,2500.23
9/18/2017,4100,4001.0005,4007.8406,4005.8506,4084.1,4082.96,4098.03,4077,6.5753,0.8379,1307.53,49.91,2503.87
9/19/2017,3910.11,3915.9004,3899.0005,3897.5405,3900,3901.04,3903.4,3893.5,6.5835,0.8352,1311.1,49.48,2506.65
9/20/2017,3872.06,3960.0005,3958.0005,3963.9504,3873.2,3869.61,3866,3871,6.5749,0.8331,1301.18,50.41,2508.24
9/21/2017,3617.47,3648.2004,3643.2504,3650.0004,3603.4,3595.26,3616.74,3580.1,6.5898,0.838,1291.18,50.55,2500.6
9/22/2017,3619.01,3623.5385,3615.1105,3613.5004,3598.5,3598.47,3628.56,3600,6.5901,0.8368,1297.4,50.66,2502.22
9/23/2017,3787.33,3777.7004,3764.2605,3770.3606,3779.6,3783.75,3783.6,3773,6.5901,0.8368,1297.4,50.66,2502.22
9/24/2017,3669.01,3669.8005,3669.2805,3666.3205,3652.8,3660.86,3667.99,3647,6.5901,0.8368,1297.4,50.66,2502.22
9/25/2017,3919.78,3951.0005,3926.3506,3931.7004,3930,3930.77,3916.48,3931.1,6.6215,0.8443,1310.83,52.22,2496.66
9/26/2017,3885.09,3908.0005,3906.0305,3906.8803,3879.1,3879.06,3885.14,3879.3,6.64,0.8487,1294.17,51.88,2496.84
9/27/2017,4200,4168.0005,4154.7505,4152.3506,4205.4,4203,4197.48,4206,6.6425,0.8509,1282.81,52.14,2507.04
9/28/2017,4189.42,4167.5005,4166.3003,4162.0005,4190,4188.23,4190.38,4196,6.6608,0.8487,1287.33,51.56,2510.06
9/29/2017,4156.99,4180.2007,4180.8203,4170.5606,4169.9,4163.28,4182.9,4182,6.6528,0.8464,1280.15,51.67,2519.36
9/30/2017,4339,4343.9004,4323.5503,4331.8306,4367,4371.55,4182.9,4367.5,6.6528,0.8464,1280.15,51.67,2519.36
10/1/2017,4394.81,4342.0005,4313.2207,4321.6206,4404.3,4403.36,4182.9,4410,6.6528,0.8464,1280.15,51.67,2519.36
10/2/2017,4392.71,4394.9004,4385.4004,4390.0303,4400.1,4396.83,4371.29,4397.9,6.6528,0.8515,1270.93,50.58,2529.12
10/3/2017,4307.99,4285.3003,4282.6704,4285.2505,4311.1,4310.11,4279.56,4308,6.6528,0.8507,1271.65,50.42,2534.58
10/4/2017,4214.84,4201.6006,4201.4907,4201.0005,4215.1,4217.13,4216.14,4206.5,6.6528,0.8502,1274.96,49.98,2537.74
10/5/2017,4320.04,4357.5005,4351.6504,4346.4707,4315.4,4314.64,4331.96,4320,6.6528,0.854,1267.42,50.79,2552.07
10/6/2017,4362.99,4340.7007,4336.3306,4339.8706,4371,4367.38,4338.35,4370,6.6528,0.8525,1276.6,49.29,2549.33
10/7/2017,4425,4337.7007,4336.0005,4336.3506,4436,4434.06,4338.35,4430,6.6528,0.8525,1276.6,49.29,2549.33
10/8/2017,4603.49,4586.0005,4574.1705,4571.9307,4613.1,4615.58,4338.35,4629,6.6528,0.8525,1276.6,49.29,2549.33
10/9/2017,4769.55,4844.3004,4836.8404,4811.9908,4782.3,4781.95,4796,4775.7,6.6251,0.8513,1283.86,49.58,2544.73
10/10/2017,4750,4867.2008,4865.8604,4874.0006,4777,4770.63,4871.44,4764,6.5743,0.8472,1288.03,50.92,2550.64
10/11/2017,4814.99,4830.7008,4824.0103,4825.7105,4824.9,4819.44,4815.56,4835.8,6.5903,0.8442,1291.69,51.3,2555.24
10/12/2017,5440,5310.0006,5304.0407,5311.3107,5428.5,5442.08,5322.69,5449,6.5875,0.8449,1293.7,50.6,2550.93
10/13/2017,5624.8,5609.9006,5612.0007,5613.9709,5636.8,5633.54,5614.58,5637,6.5796,0.8459,1304.57,51.45,2553.17
10/14/2017,5819.13,5689.7009,5671.5407,5690.7307,5835,5836.75,5614.58,5820,6.5796,0.8459,1304.57,51.45,2553.17
10/15/2017,5693.7,5515.2009,5499.8205,5499.6608,5698.6,5711.51,5614.58,5695,6.5796,0.8459,1304.57,51.45,2553.17
10/16/2017,5754.9,5675.5007,5679.4406,5677.1105,5764.4,5757.72,5681.67,5755,6.5898,0.8467,1295.07,51.87,2557.64
10/17/2017,5594,5570.1008,5575.0007,5575.1906,5597.1,5601.27,5589.25,5611,6.6236,0.8514,1284.61,51.88,2559.36
10/18/2017,5574.44,5504.2009,5509.7409,5502.9108,5565,5569.79,5529.7,5566.4,6.6274,0.8484,1281.06,52.04,2561.26
10/19/2017,5704.01,5695.1008,5697.0505,5699.6306,5694,5695.38,5720,5708,6.6138,0.845,1290.09,51.29,2562.1
10/20/2017,5989.1,5989.9006,5966.7707,5954.1106,5984.5,5992.32,5960.37,6001.8,6.6205,0.8487,1280.5,51.47,2575.21
10/21/2017,6024.86,6100.0007,6087.7707,6087.6106,6005.1,6013.83,5960.37,6002,6.6205,0.8487,1280.5,51.47,2575.21
10/22/2017,6005.05,5899.9006,5862.0007,5868.4309,5980.5,5978.65,5960.37,5988,6.6205,0.8487,1280.5,51.47,2575.21
10/23/2017,5905.99,5899.7009,5911.2307,5902.2009,5906.9,5899.49,5869.63,5995,6.64,0.8514,1282.24,51.9,2564.98
10/24/2017,5525.43,5615.6008,5596.9909,5591.3805,5509.5,5503.47,5520,5488,6.6358,0.85,1276.83,52.47,2569.13
10/25/2017,5739.97,5688.3005,5679.7507,5682.1906,5720,5720.26,5679.19,5720,6.6391,0.8466,1277.42,52.18,2557.15
10/26/2017,5891.61,5838.6008,5845.0007,5836.2805,5890,5881.4,5852.52,5890,6.6426,0.8559,1266.97,52.64,2560.4
10/27/2017,5851.01,5768.4006,5749.4606,5746.6408,5759.6,5749.86,5774.99,5758,6.6505,0.8614,1273.88,53.9,2581.07
10/28/2017,5752.01,5793.8,5730.69,5730.76,5720.6,5712,5733.25,5740,6.6505,0.8614,1273.88,53.9,2581.07
10/29/2017,6140.01,5750,6137.37,6138.12,6156,6156.2,6167.35,6140,6.6505,0.8614,1273.88,53.9,2581.07
10/30/2017,6124.16,6130,6119.99,6124.83,6125.3,6122.8,6099.48,6136.1,6.6465,0.8598,1276.74,45.125,2572.83
10/31/2017,6445.01,6124.5,6434.21,6448.65,6458.3,6453.9,6381.97,6447.1,6.6349,0.8587,1270.34,45.31666667,2575.26
11/1/2017,6783.69,6430.5,6741.59,6740,6727.3,6724.6,6662.4,6720,6.6029,0.8604,1276.04,45.25,2579.36
11/2/2017,7039.98,6741.9,7030,7032.65,7019.9,7026.8,7018,7003,6.6089,0.8579,1277.18,45.45,2579.85
11/3/2017,7170.01,6995,7146.82,7170.66,7278.4,7135.9,7175.01,7143.4,6.639,0.8615,1269.91,46.36666667,2587.84
11/4/2017,7412.55,7160,7388.83,7392.76,7369,7365.9,7371.55,7344,6.639,0.8615,1269.91,46.36666667,2587.84
11/5/2017,7392,7370.3,7372.72,7383.3,7382,7372.4,7394.44,7391,6.639,0.8615,1269.91,46.36666667,2587.84
11/6/2017,6969.76,7374.7,6967.68,6950.34,6955,6944.8,6975.01,6927.5,6.6338,0.8612,1280.99,47.79166667,2591.13
11/7/2017,7126.63,6971.5,7130.28,7123.55,7103.3,7095.1,7109.7,7074,6.64,0.8634,1275.04,47.66666667,2590.64
11/8/2017,7467.96,7128.1,7450.32,7477.05,7442.4,7357,7465.53,7350,6.628,0.8625,1284.66,47.34166667,2594.38
11/9/2017,7156,7463.8,7148,7151.29,7126.2,7123.2,7151.49,7089,6.6403,0.8589,1286.95,47.64166667,2584.62
11/10/2017,6577.62,7152.4,6588.18,6571.91,6542.2,6539.9,6585.11,6533,6.6414,0.8573,1275.07,47.28333333,2582.3
11/11/2017,6346.7,6583,6355.13,6351.07,6300.7,6309.8,6340,6315,6.6414,0.8573,1275.07,47.28333333,2582.3
11/12/2017,5886.35,6329.9,5870.37,5856.39,5822.1,5888.6,5849.37,5850,6.6414,0.8573,1275.07,47.28333333,2582.3
11/13/2017,6535.87,5880,6525.17,6523.86,6474.6,6486.1,6549.3,6489.8,6.6405,0.8575,1279.08,47.3,2584.84
11/14/2017,6605,6528,6609,6604.17,6579.2,6573,6606.8,6580.3,6.6363,0.8487,1281.11,46.41666667,2578.87
11/15/2017,7294,6660.6,7294,7292.56,7278.3,7278.9,7292.7,7250,6.6235,0.8476,1277.88,46.10833333,2564.62
11/16/2017,7838.53,7260,7846.96,7841.77,7864.2,7865.1,7852.4,7860,6.6307,0.8494,1280.39,45.95,2585.64
11/17/2017,7714.71,7750.7,7674.99,7690.38,7677.9,7680.3,7677.2,7670,6.6267,0.8481,1292.42,47.125,2578.85
11/18/2017,7777.01,7695.7,7771.03,7780,7773.3,7772.9,7776.5,7790,6.6267,0.8481,1292.42,47.125,2578.85
11/19/2017,8031.82,7786,8016.58,8041.09,8054.2,8054,8047,8065,6.6267,0.8481,1292.42,47.125,2578.85
11/20/2017,8256.01,8000,8226.17,8231.93,8245.1,8239.3,8246,8239,6.635,0.8514,1276.55,46.74166667,2582.14
11/21/2017,8109,8234.1,8095.23,8098.36,8097.3,8094.6,8120.4,8100,6.6296,0.8516,1282.39,47.35833333,2599.03
11/22/2017,8250,8113.1,8214.69,8234.2,8230.1,8226.1,8240.8,8222.8,6.6102,0.8478,1291.09,48.35,2597.08
11/23/2017,8031.16,8250.4,7989,8010,7977.1,7990,8011.8,8013,6.5835,0.8439,1291.18,48.35,2602.42
11/24/2017,8215.01,8030,8199.19,8205.25,8191.6,8199.9,8209.9,8215,6.6022,0.838,1288.37,49.125,2602.42
11/25/2017,8795.5,8147,8717.99,8785,8766.2,8780.9,8779.3,8700,6.6022,0.838,1288.37,49.125,2602.42
11/26/2017,9401.11,8690,9271.06,9334.25,9316,9319,9304.2,9190.9,6.6022,0.838,1288.37,49.125,2601.42
11/27/2017,9768.71,9174.3,9708.07,9755,9728.8,9748.8,9763.4,9700,6.5969,0.8402,1295.62,48.425,2601.42
11/28/2017,9949,9580,9868.82,9936.23,9898,9906.1,9941.7,9885,6.6076,0.8425,1294.56,48.325,2627.04
11/29/2017,9935.98,9838.4,9824.68,9820.04,9749.4,9750,9827.3,9726.1,6.6094,0.8437,1282.7,47.75,2626.07
11/30/2017,9903,9733.1,9947.67,9941.96,9907,9918.6,9930.4,9925.9,6.6128,0.8409,1271.72,47.83333333,2647.58
12/1/2017,10869.84,10065.9,10840.45,10860.46,10869,10842.4,10910.2,10784,6.6174,0.8408,1280.62,48.63333333,2642.22
12/2/2017,10930.24,10897.2,10872,10899.95,10881,10891.6,10888,10902,6.6174,0.8408,1280.62,48.63333333,2642.22
12/3/2017,11290,10905.4,11250,11175,11157,11159.6,11231.2,11198,6.6174,0.8408,1280.62,48.63333333,2642.22
12/4/2017,11643.98,11242,11613.07,11625.09,11595,11579.7,11660,11589,6.6197,0.8442,1273.7,47.89166667,2639.44
12/5/2017,11718.35,11638,11677,11693.48,11595,11656,11711.2,11631,6.6191,0.847,1264.1,48.01666667,2629.57
12/6/2017,14090,11736.2,13623.5,13651.99,13527,13670,13725.5,13584,6.6148,0.848,1264.54,46.63333333,2629.27
12/7/2017,17390.01,13781.9,16599.99,16796.24,16601,16625.9,17025,16488,6.6193,0.8477,1251.98,47.24166667,2636.98
12/8/2017,16367.03,15899,15800,16158.92,15869,15847.4,16250,15845.1,6.6212,0.8494,1248.49,47.8,2651.5
12/9/2017,15309.98,15921.9,14607.49,15062.92,14660,14686.7,15041,14700,6.6212,0.8494,1248.49,47.8,2651.5
12/10/2017,15290.01,14698.1,14691,15301.96,14997,14954.9,15269,14950,6.6212,0.8494,1248.49,47.8,2651.5
12/11/2017,16885.76,14992,16470,16765.52,16754,16661.1,16789.3,16588,6.6186,0.8481,1245.77,48.325,2659.99
12/12/2017,17730.12,16578,16650.01,17359.6,16967,16386.9,17382.2,16327.1,6.6215,0.8529,1239.21,47.61666667,2664.11
12/13/2017,16689.61,16884.6,16250,16517.6,16181,15979.6,16460.9,16050,6.6174,0.85,1245.83,47.16666667,2662.85
12/14/2017,16749.78,16455,16404.99,16598.4,16383,16329.5,16678.8,16393.9,6.6095,0.8484,1254.59,47.53333333,2652.01
12/15/2017,17738.67,16378.8,17471.5,17685.55,17522,17448.6,17744.5,17528.7,6.6094,0.8511,1256.44,47.75,2675.81
12/16/2017,19650.01,17500,19187.78,19357.97,19187,19095.3,19475.9,19261.1,6.6094,0.8511,1256.44,47.75,2675.81
12/17/2017,19378.99,19356.9,18953,19050,18971,18891.8,19260.5,18917,6.6094,0.8511,1256.44,47.75,2675.81
12/18/2017,19039.01,18920.6,18940.57,18937.47,18934,18832.2,18981.9,18968.8,6.6164,0.8481,1263.18,47.63333333,2690.16
12/19/2017,17838.73,18835,17700,17596.1,17345,17149.2,17640,17346,6.6047,0.8454,1259.92,47.88333333,2681.47
12/20/2017,16496.89,17579.1,16466.98,16491,16425,16104.6,16596.1,16498,6.5785,0.842,1266.73,48.40833333,2679.25
12/21/2017,15758.8,16224.3,15600.01,15283,15666.83,15558.1,15799.5,15300,6.5847,0.8427,1267.22,48.63333333,2684.57
12/22/2017,14210.57,15174.8,14009.79,14058.47,13170,13860,13996.3,13315.1,6.5774,0.843,1274.16,48.725,2683.34
12/23/2017,15075.89,13900,14619,14664.08,14035,13862.4,15002.7,13849,6.5774,0.843,1274.16,48.725,2683.34
12/24/2017,14221.94,14560.9,14157.87,14053.38,13476,13488.5,14100,13530,6.5774,0.843,1274.16,48.725,2683.34
12/25/2017,14171.98,13760,13911.28,13940.8,13623,13671,13986.7,13690,6.5397,0.8441,1274.16,48.725,2683.34
12/26/2017,15790.88,13865,15764.44,15783.91,15679,15676.7,15830.9,15738,6.5453,0.8424,1283.12,49.975,2680.5
12/27/2017,15367.08,15814.5,15364.93,15408.77,15374,15402.6,15419,15400,6.5568,0.8404,1287.18,49.7,2682.62
12/28/2017,14450.01,15445.9,14470.07,14486.39,14315,14273.2,14483.3,14275,6.5334,0.8366,1294.21,49.86666667,2687.54
12/29/2017,14565.05,14548.8,14340,14486.91,14317,14303.3,14575,14303.9,6.5066,0.833,1302.8,50.35,2673.61
12/30/2017,12839.99,14401,12640,12676.36,12377,12362.4,12685.7,12350,6.5066,0.833,1302.8,50.35,2673.61
12/31/2017,13863.13,12670,13880,13863.49,13800,13789.7,13820.3,13725,6.5066,0.833,1302.8,50.35,2673.61
1/1/2018,13480.01,13993,13443.41,13403.18,13354,13344.3,13338.4,13369.8,6.5066,0.833,1302.8,50.35,2673.61
1/2/2018,14781.51,13492,14678.94,14704.11,14709.82,14659.1,14740.1,14704.3,6.4934,0.8303,1312.52,50.30833333,2695.81
1/3/2018,15098.14,14890.8,15155.62,15142.15,15155,15109.6,15150.4,15100,6.503,0.8314,1315.87,51.35833333,2713.06
1/4/2018,15144.99,15168.9,15143.67,15170.63,15160,15147.6,15200,15199,6.4934,0.8282,1319.74,51.675,2723.99
1/5/2018,16960.01,15251,16928,16923.72,16917,16916.5,16945.5,16930,6.4887,0.8313,1319.59,51.2,2743.15
1/6/2018,17098.99,16990,17149.67,17151.96,17161,17176.4,17175,17130,6.4887,0.8313,1319.59,51.2,2743.15
1/7/2018,16174.22,17088,16124.02,16171.5,16196,16192.3,16137.1,16180,6.4887,0.8313,1319.59,51.2,2743.15
1/8/2018,14993.74,16088.8,14999.99,14991.15,14930,14901,14980,14901,6.4997,0.835,1318.22,51.44166667,2747.71
1/9/2018,14480.99,15022.6,14403.51,14419.5,14423,14433.7,14477.5,14458,6.5297,0.8388,1311.86,52.46666667,2751.29
1/10/2018,14875.18,14500,14890.02,14894.3,14896,14831.6,14885.5,14860,6.5081,0.836,1317.89,52.975,2748.23
1/11/2018,13308.06,14886.5,13243.83,13311.83,13266,13289,13301.8,13282.5,6.4958,0.8306,1322.31,53.16666667,2767.56
1/12/2018,13820,13647.9,13781.41,13823.45,13783,13806.1,13815.3,13798,6.461,0.8195,1331.93,53.58333333,2786.24
1/13/2018,14187.95,14439,14197.78,14230,14191,14191.1,14176.4,14191,6.461,0.8195,1331.93,53.58333333,2786.24
1/14/2018,13656.23,13711.2,13647.99,13619.65,13558,13554.3,13626.3,13545.1,6.461,0.8195,1331.93,53.58333333,2786.24
1/15/2018,13590,13600,13607.04,13571.12,13575,13579.6,13597.6,13565,6.4371,0.8149,1340.16,53.58333333,2786.24
1/16/2018,11570.01,11533,11386.34,11369.25,11072,11092.1,11399,11030,6.444,0.8168,1334.75,53.10833333,2776.42
1/17/2018,11200.01,11185,11114.07,11185.28,11082,11084.5,11240.2,10989,6.4343,0.8164,1335.96,53.30833333,2802.56
1/18/2018,11305.53,11286,11290.91,11375.49,11045,10975.9,11298,11000,6.4203,0.8178,1329.14,53.29166667,2798.03
1/19/2018,11498.99,11598.1,11552,11537.11,11476,11459.8,11535.6,11364.7,6.404,0.8184,1331.84,52.80833333,2810.3
1/20/2018,12762.8,12845.9,12775.99,12770.52,12728,12716.7,12745,12729.9,6.404,0.8184,1331.84,52.80833333,2810.3
1/21/2018,11518.17,11556,11555,11490.15,11514,11490.6,11501,11442.8,6.404,0.8184,1331.84,52.80833333,2810.3
1/22/2018,10766.7,10811.3,10799.24,10769.42,10771,10773.4,10780,10805,6.4052,0.8168,1332.18,52.90833333,2832.97
1/23/2018,10824.94,10849.9,10851.82,10866.16,10819,10821,10820.8,10850,6.4047,0.8143,1337.75,53.725,2839.13
1/24/2018,11356.79,11420,11412.64,11382.24,11414,11183.1,11346.6,11377,6.37,0.8071,1353.9,54.675,2837.54
1/25/2018,11118,11140.9,11155.54,11138.67,11146,11137.7,11114,11132.2,6.3238,0.8006,1362.81,54.59166667,2839.25
1/26/2018,11086.89,11080.8,11092.95,11110.75,11070,11035.2,11092,11056.9,6.3201,0.8045,1349.12,55.11666667,2872.87
1/27/2018,11319,11386.1,11446.54,11423.05,11461,11496,11361.9,11505,6.3201,0.8045,1349.12,55.11666667,2872.87
1/28/2018,11536,11630,11685.58,11693.82,11839,11880,11633.1,11868,6.3201,0.8045,1349.12,55.11666667,2872.87
1/29/2018,11123.01,11150,11162.89,11143.85,11212,11242.5,11135.3,11253,6.3374,0.8083,1341.76,54.63333333,2853.53
1/30/2018,9995,9979.8,9971,10000.17,10175,10182.9,10007.4,10145,6.3239,0.8061,1338.68,53.75,2822.43
1/31/2018,10099.99,10101.6,10153.58,10140.46,10284,10313.4,10112.6,10250,6.2888,0.8055,1339.79,53.94166667,2823.81
2/1/2018,9014.23,9037.6,8998.99,9008.87,9181.1,9201.5,9000.7,9248.1,6.2995,0.8014,1341.57,54.83333333,2821.98
2/2/2018,8787.52,8772.6,8838.83,8813.84,8895.8,8967.4,8845.1,8875,6.3014,0.8028,1333.39,54.54166667,2762.13
2/3/2018,9240,9167.9,9225.86,9239.2,9219.4,9211.7,9221.1,9228.3,6.3014,0.8028,1333.39,54.54166667,2762.13
2/4/2018,8167.91,8130.2,8191,8210.75,8200,8251,8162.9,8183,6.3014,0.8028,1333.39,54.54166667,2762.13
2/5/2018,6905.19,6839.8,6874.27,6930.82,6949.9,7052,6892.7,6911,6.29,0.8046,1334.95,53.45833333,2648.94
2/6/2018,7688.46,7677,7729.65,7695.88,7673.8,7840.3,7682.8,7699,6.2832,0.8071,1327.82,52.825,2695.14
2/7/2018,7575.75,7559.1,7588,7574.66,7587,7670.6,7582.8,7555.2,6.2694,0.815,1315.97,51.49166667,2681.66
2/8/2018,8218.1,8231,8259.76,8252.98,8235.1,8393.7,8200,8255,6.327,0.8164,1319.97,50.95833333,2581
2/9/2018,8671.01,8680.1,8693.98,8713.62,8683.2,8716,8697.8,8689,6.2969,0.8162,1316.65,49.33333333,2619.55
2/10/2018,8547.49,8555.7,8560,8558.74,8563.1,8559.9,8553.5,8540,6.2969,0.8162,1316.65,49.33333333,2619.55
2/11/2018,8072.99,8063.8,8067,8088.43,8069,8074.9,8073.9,8052,6.2969,0.8162,1316.65,49.33333333,2619.55
2/12/2018,8872.28,8906.3,8898.9,8899.98,8900.6,8946.2,8900,8913.5,6.3275,0.8146,1324.78,49.40833333,2656
2/13/2018,8520.01,8517.7,8522.99,8515.07,8515.9,8616.2,8519.1,8512,6.341,0.8095,1327.42,49.325,2662.94
2/14/2018,9472.98,9489.7,9490.99,9496.11,9455.4,9473.2,9480.3,9460,6.3482,0.8053,1349.23,50.5,2698.63
2/15/2018,10031.23,10037,10030.01,10025.33,9996.9,10080.2,10017.2,10041,6.3482,0.8018,1351.36,51.11666667,2731.2
2/16/2018,10167.49,10188.5,10205.29,10184.27,10162,10189,10183.6,10154.5,6.3482,0.806,1346.96,51.4,2732.22
2/17/2018,11121.5,11111,11101,11099.39,11053.46,11083.3,11100,11030,6.3482,0.806,1346.96,51.4,2732.22
2/18/2018,10380.04,10430,10421.01,10388.37,10372,10570,10403,10372,6.3482,0.806,1346.96,51.4,2732.22
2/19/2018,11140,11165.1,11173,11163.11,11173,11252.4,11166.9,11140,6.3482,0.8055,1346.74,51.4,2732.22
2/20/2018,11235.57,11242.3,11230.62,11226.72,11218,11717.1,11206.2,11182,6.3482,0.8101,1329.53,51.58333333,2716.26
2/21/2018,10454.27,10479.6,10449.4,10470.54,10455,11016,10475,10425.6,6.3482,0.8112,1329.71,51.4,2701.33
2/22/2018,9830,9840.1,9843.46,9824,9830,10086.2,9830,9800,6.3501,0.8106,1330.11,52.30833333,2703.96
2/23/2018,10144.99,10157.7,10166.1,10164.11,10145,10484.1,10161.6,10140,6.3373,0.8133,1328.71,52.95833333,2747.3
2/24/2018,9688.62,9688,9689.99,9683.39,9666.3,9990.4,9697.2,9699.9,6.3373,0.8133,1328.71,52.95833333,2747.3
2/25/2018,9597.99,9580,9589.99,9589.83,9557.4,9780.8,9595,9527.5,6.3373,0.8133,1328.71,52.95833333,2747.3
2/26/2018,10300,10322.1,10324.7,10296.8,10321,10385,10300,10280,6.316,0.8125,1332.46,53.25833333,2779.6
2/27/2018,10566.57,10570.1,10556.85,10570.73,10569,10749.1,10562.5,10628,6.317,0.8164,1315.61,52.50833333,2744.28
2/28/2018,10307.27,10308.2,10314.9,10300.52,10315,10543.5,10296.9,10300,6.3311,0.819,1319.32,51.36666667,2713.83
3/1/2018,10895.92,10920,10903.13,10908.82,10925,11049.9,10901,10933,6.3582,0.8189,1309.82,50.825,2677.67
3/2/2018,11000,11031.3,11030,11023.79,11025,11242.4,11027.8,11050,6.3454,0.8118,1322.75,51.04166667,2691.25
3/3/2018,11432.5,11428,11445,11433.6,11440,11624.3,11433.7,11483,6.3454,0.8118,1322.75,51.04166667,2691.25
3/4/2018,11469.9,11512.1,11462.41,11491.94,11501,11619.3,11467.2,11522,6.3454,0.8118,1322.75,51.04166667,2691.25
3/5/2018,11377.54,11433.9,11425,11403.25,11416,11706.2,11400,11512,6.3495,0.8107,1319.33,52.14166667,2720.94
3/6/2018,10700,10731.5,10723.76,10701.35,10720,10951.1,10696.9,10745.3,6.3098,0.8069,1332.94,52.16666667,2728.12
3/7/2018,9920,9903.2,9913.03,9886.72,9902.9,10319.5,9884.3,9865.1,6.3255,0.8065,1325.83,50.95833333,2726.8
3/8/2018,9304.9,9290.1,9285.32,9292.93,9300,9625,9295.8,9240.8,6.3422,0.8118,1321.86,50.1,2738.97
3/9/2018,9255,9224.5,9231.15,9241.89,9217,9611.3,9257,9240,6.3326,0.8126,1323.93,51.7,2786.57
3/10/2018,8795.44,8752,8791.47,8791.52,8762,9016.2,8769.2,8750.5,6.3326,0.8126,1323.93,51.7,2786.57
3/11/2018,9533.88,9537.2,9534.44,9530.96,9528,9646,9530.9,9541,6.3326,0.8126,1323.93,51.7,2786.57
3/12/2018,9120,9109.9,9120.75,9099.95,9121,9352.3,9110.4,9150.4,6.33,0.8111,1320.61,51.13333333,2783.02
3/13/2018,9145.41,9141.3,9142.32,9153.98,9135,9354.1,9146.2,9156.9,6.3216,0.807,1326.78,50.59166667,2765.31
3/14/2018,8207.03,8174.2,8196.69,8206.1,8186.6,8603.3,8198.8,8189,6.318,0.8081,1324.79,50.8,2749.48
3/15/2018,8259.99,8248.6,8265.05,8259.41,8252.9,8411.8,8267,8292.9,6.3221,0.8107,1319.3,50.99166667,2747.33
3/16/2018,8275,8256.1,8258.54,8268,8251,8503.5,8265.8,8280.1,6.335,0.8137,1314.24,51.95,2752.01
3/17/2018,7865.02,7845.7,7860.83,7882.13,7851,8143,7871,7857,6.3322,0.8137,1314.24,51.95,2752.01
3/18/2018,8192,8183.2,8188.24,8198.65,8200.2,8526.6,8197.3,8200,6.3322,0.8137,1314.24,51.95,2752.01
3/19/2018,8497.8,8609.7,8604.39,8595.66,8600.1,8861.9,8599,8608,6.3322,0.8098,1318.06,51.71666667,2712.92
3/20/2018,8900,8905,8904.21,8948.52,8899.7,9116.1,8904.2,8937.9,6.3341,0.8155,1312.36,52.83333333,2716.94
3/21/2018,8891.81,8880,8893.79,8910.13,8900.1,9097.1,8902.5,8890,6.3232,0.8144,1323.6,54.30833333,2711.93
3/22/2018,8715.09,8711.5,8706.01,8730.23,8706.44,8939,8710.4,8725,6.335,0.8129,1326.9,53.58333333,2643.69
3/23/2018,8927.1,8916.8,8916.89,8928.05,8908,9131.5,8925,8892.3,6.316,0.8095,1347.33,54.9,2588.26
3/24/2018,8531.34,8530,8547.39,8541.3,8535,8746.3,8540.3,8514.5,6.316,0.8095,1347.33,54.9,2588.26
3/25/2018,8452.96,8444.4,8453.9,8448.08,8445.1,8665.4,8457,8466,6.316,0.8095,1347.33,54.9,2588.26
3/26/2018,8145,8137.8,8136.32,8142.95,8119.1,8311.8,8149.5,8125,6.2734,0.8035,1355.42,54.625,2658.55
3/27/2018,7793.61,7786.8,7791.7,7793.41,7784.5,7947.5,7794.5,7771,6.2831,0.8055,1345.05,54.375,2612.62
3/28/2018,7942.72,7943.3,7928.11,7949.67,7936.1,8056.5,7941.9,7953,6.2979,0.81,1328.18,53.65,2605
3/29/2018,7079.99,7085,7088.38,7085.83,7094,7334,7086.6,7084,6.2898,0.8137,1323.02,54.11666667,2640.87
3/30/2018,6848.01,6804,6850,6845.13,6840.4,7091.3,6838.7,6869,6.2753,0.8114,1325.48,54.11666667,2640.87
3/31/2018,6928.5,6911.1,6928.62,6925.16,6925.3,7173.5,6920.5,6911,6.2753,0.8114,1325.48,54.11666667,2640.87
4/1/2018,6816.01,6810,6813.52,6827.36,6810,7070.6,6811,6810,6.2753,0.8114,1325.48,54.11666667,2640.87
4/2/2018,7045.01,7054.6,7052.75,7043.9,7052.7,7270.9,7050,7050,6.2805,0.8134,1339.37,52.50833333,2581.88
4/3/2018,7424.9,7414.8,7416.27,7424.31,7405.6,7635.6,7418.5,7407.8,6.2899,0.8152,1334.05,52.925,2614.45
4/4/2018,6791.68,6791.7,6799.5,6778.43,6785.9,7079.4,6794.3,6803.5,6.3052,0.8134,1336.44,52.80833333,2644.69
4/5/2018,6785.85,6759.6,6771.69,6774.46,6765,6991.4,6777,6740,6.3052,0.8172,1324.96,52.95,2662.84
4/6/2018,6619.01,6616.2,6618.33,6619.19,6610.2,6861.8,6564.1,6597.4,6.3052,0.8142,1333.03,51.71666667,2604.47
4/7/2018,6894.01,6893.1,6904.21,6894.28,6892.6,7132.4,6896,6869,6.3052,0.8142,1333.03,51.71666667,2604.47
4/8/2018,7020.01,7014.5,7027.26,7019.16,7023.9,7212.1,7022.7,7004.4,6.3052,0.8142,1333.03,51.71666667,2604.47
4/9/2018,6771.13,6773.4,6780.1,6772.92,6764.6,7022.7,6771,6769,6.307,0.8118,1335.34,52.85,2613.16
4/10/2018,6824.99,6829.9,6836,6831.17,6839.3,7067.5,6830.7,6840,6.2832,0.8103,1339.57,54.59166667,2656.87
4/11/2018,6942.99,6941,6940.94,6937.54,6943.1,7135.2,6939.4,6974,6.269,0.8082,1358.31,55.68333333,2642.19
4/12/2018,7916,7919.9,7923.78,7919.43,7912,8181.9,7920.4,7905.8,6.2915,0.8107,1338.11,55.89166667,2663.99
4/13/2018,7893.19,7882.5,7884.44,7878.81,7885.8,8109.4,7875.9,7857.4,6.275,0.811,1346.2,56.15833333,2656.3
4/14/2018,8003.11,8004.9,8000.41,7996.03,8002.9,8199.3,7998.1,8005,6.275,0.811,1346.2,56.15833333,2656.3
4/15/2018,8355.25,8363.3,8354.22,8360.95,8354.1,8539,8357.4,8359.2,6.275,0.811,1346.2,56.15833333,2656.3
4/16/2018,8048.93,8057.1,8046.62,8049.75,8056.2,8282.8,8052.3,8068.8,6.2765,0.8075,1348.02,55.18333333,2677.84
4/17/2018,7892.1,7893.1,7890.87,7891.3,7889.9,8136.1,7894,7897.9,6.2825,0.8094,1346.88,55.43333333,2706.39
4/18/2018,8152.05,8170,8172.84,8168.11,8166.3,8343.9,8167,8178,6.2744,0.8071,1351.91,57.05833333,2708.64
4/19/2018,8274,8275.7,8271.31,8275.6,8272.8,8493,8269.3,8267,6.2791,0.81,1346.52,56.90833333,2693.13
4/20/2018,8866.27,8875.1,8861,8859.65,8866.1,8988,8855.5,8850.6,6.2965,0.8138,1336.36,56.98333333,2670.14
4/21/2018,8915.42,8944.6,8923.54,8924.43,8919.1,9104.1,8920,8910,6.2965,0.8138,1336.36,56.98333333,2670.14
4/22/2018,8795.01,8811.8,8789.96,8797.01,8800,9017.6,8800,8805,6.2965,0.8138,1336.36,56.98333333,2670.14
4/23/2018,8931.3,8954.1,8946.95,8938.81,8940,9130.3,8933,8930,6.3171,0.8184,1323.71,56.98333333,2670.29
4/24/2018,9650,9645.3,9644.61,9686.11,9644.4,9698.2,9650,9651,6.3065,0.8168,1331.96,57.2,2634.56
4/25/2018,8865.98,8857,8861.47,8864.42,8878.4,8969.3,8865,8865,6.3266,0.8207,1322.34,56.41666667,2639.4
4/26/2018,9272.12,9291.4,9275.06,9280,9279.3,9305.1,9282,9255,6.3365,0.8246,1317.64,56.70833333,2666.94
4/27/2018,8922.55,8917.8,8921.43,9128.61,8920.1,9006,8926,8950,6.3332,0.8244,1324,56.825,2669.91
4/28/2018,9329.99,9339.2,9345.11,9346.55,9345.3,9367.4,9343.8,9350,6.3332,0.8244,1324,56.75,2669.91
4/29/2018,9389.01,9411.2,9389.69,9388.09,9398.6,9439.6,9393.3,9425.7,6.3332,0.8244,1324,56.75,2669.91
4/30/2018,9243.83,9246.5,9242.17,9232.7,9240,9259.8,9244.4,9222.1,6.3332,0.8264,1317.16,57.14166667,2648.05
